Index,Tags
1,"Space; Geschlechtsneutral; Erwachsen; Mensch"
2,"Space; Impressionen"
3,"Space; Impressionen"
4,"Space; Impressionen"
5,"Space; Impressionen"
6,"Fantasy; Weiblich; Erwachsen; Drow"
7,"Space; Cyberpunk; Weiblich; Junger Erwachsener; Mensch"
8,"Space; Weiblich; Junger Erwachsener; Elf"
9,"Space; Weiblich; Erwachsen; Unbekannte Rasse"
10,"Fantasy; Weiblich; Junger Erwachsener; Tiefling"
11,"Fantasy; Weiblich; Erwachsen; Elf"
12,"Fantasy; Weiblich; Junger Erwachsener; Unbekannte Rasse"
13,"Fantasy; Weiblich; Junger Erwachsener; Mensch"
14,"Fantasy; Weiblich; Erwachsen; Mensch"
15,"Fantasy; Weiblich; Junger Erwachsener; Elf"
16,"Fantasy; Weiblich; Junger Erwachsener; Unbekannte Rasse"
17,"Fantasy; Weiblich; Erwachsen; Mensch"
18,"Fantasy; Weiblich; Junger Erwachsener; Mensch"
19,"Fantasy; Weiblich; Junger Erwachsener; Mensch"
20,"Fantasy; Weiblich; Junger Erwachsener; Mensch"
21,"Fantasy; Weiblich; Junger Erwachsener; Elf"
22,"Fantasy; Weiblich; Erwachsen; Elf"
23,"Fantasy; Weiblich; Junger Erwachsener; Elf"
24,"Fantasy; Weiblich; Erwachsen; Vampir"
25,"Fantasy; Weiblich; Junger Erwachsener; Elf"
26,"Fantasy; Weiblich; Erwachsen; Mensch"
27,"Fantasy; Weiblich; Erwachsen; Mensch"
28,"Fantasy; Weiblich; Erwachsen; Tiefling"
29,"Fantasy; Weiblich; Erwachsen; Drow"
30,"Fantasy; Kleider"
31,"Fantasy; Weiblich; Erwachsen; Tiefling"
32,"Fantasy; Weiblich; Erwachsen; Elf"
33,"Fantasy; Weiblich; Erwachsen; Tiefling"
34,"Fantasy; Weiblich; Erwachsen; Unbekannte Rasse; Wasserdinge"
35,"Fantasy; Weiblich; Erwachsen; Mensch"
36,"Fantasy; Weiblich; Erwachsen; Unbekannte Rasse"
37,"Fantasy; Weiblich; Junger Erwachsener; Elf"
38,"Fantasy; Weiblich; Erwachsen; Mensch"
39,"Space; Cyberpunk; Weiblich; Erwachsen; Mensch"
40,"Fantasy; Weiblich; Junger Erwachsener; Elf"
41,"Fantasy; Weiblich; Erwachsen; Harpie"
42,"Fantasy; Weiblich; Erwachsen; Mensch"
43,"Fantasy; Weiblich; Erwachsen; Drow"
44,"Space; Cyberpunk; Weiblich; Erwachsen; Drow"
45,"Fantasy; Weiblich; Junger Erwachsener; Mensch"
46,"Fantasy; Männlich; Junger Erwachsener; Elf"
47,"Space; Cyberpunk; Weiblich; Erwachsen; Mensch"
48,"Fantasy; Weiblich; Kind; Jugendlich; Erwachsen; Tiefling"
49,"Fantasy; Weiblich; Erwachsen; Tiefling"
50,"Fantasy; Weiblich; Erwachsen; Drow"
51,"Fantasy; Weiblich; Erwachsen; Elf"
52,"Space; Geschlechtsneutral; Alter Unbekannt; Unbekannte Rasse"
53,"Fantasy; Impressionen; Monster; Unbekannte Rasse"
54,"Space; Geschlechtsneutral; Alter Unbekannt; Unbekannte Rasse"
55,"Fantasy; Weiblich; Männlich; Erwachsen; Drow"
56,"Fantasy; Weiblich; Erwachsen; Drow"
57,"Fantasy; Weiblich; Junger Erwachsener; Mensch"
58,"Fantasy; Weiblich; Männlich; Erwachsen; Alt; Mensch; Elf"
59,"Fantasy; Weiblich; Junger Erwachsener; Wasserdinge; Unbekannte Rasse"
60,"Fantasy; Weiblich; Erwachsen; Elf"
61,"Fantasy; Weiblich; Erwachsen; Mensch"
62,"Space; Cyberpunk; Weiblich; Erwachsen; Mensch"
63,"Fantasy; Weiblich; Erwachsen; Elf"
64,"Fantasy; Weiblich; Erwachsen; Drow"
65,"Fantasy; Weiblich; Junger Erwachsener; Drow"
66,"Fantasy; Weiblich; Erwachsen; Tiefling"
67,"Fantasy; Space; Weiblich; Erwachsen; Mensch"
68,"Fantasy; Impressionen"
69,"Space; Impressionen"
70,"Fantasy; Weiblich; Erwachsen; Mensch"
71,"Fantasy; Weiblich; Erwachsen; Mensch"
72,"Fantasy; Impressionen"
73,"Fantasy; Impressionen"
74,"Fantasy; Impressionen"
75,"Fantasy; Weiblich; Erwachsen; Drow"
76,"Space; Impressionen"
77,"Space; Impressionen"
78,"Space; Impressionen"
79,"Fantasy; Weiblich; Erwachsen; Fey"
80,"Space; Impressionen"
81,"Fantasy; Weiblich; Erwachsen; Tiefling"
82,"Fantasy; Weiblich; Erwachsen; Tiefling"
83,"Fantasy; Männlich; Erwachsen; Drow"
84,"Fantasy; Weiblich; Erwachsen; Elf"
85,"Fantasy; Männlich; Erwachsen; Drow"
86,"Fantasy; Weiblich; Erwachsen; Elf"
87,"Fantasy; Weiblich; Erwachsen; Mensch"
88,"Fantasy; Männlich; Erwachsen; Mensch"
89,"Fantasy; Männlich; Junger Erwachsener; Mensch"
90,"Space; Cyberpunk; Weiblich; Erwachsen; Mensch"
91,"Fantasy; Weiblich; Erwachsen; Mensch"
92,"Fantasy; Weiblich; Junger Erwachsener; Tiefling"
93,"Fantasy; Weiblich; Erwachsen; Elf"
94,"Space; Cyberpunk; Weiblich; Junger Erwachsener; Mensch"
95,"Space; Cyberpunk; Weiblich; Junger Erwachsener; Mensch"
96,"Fantasy; Weiblich; Erwachsen; Fey"
97,"Space; Cyberpunk; Männlich; Junger Erwachsener; Mensch"
98,"Fantasy; Weiblich; Erwachsen; Mensch"
99,"Fantasy; Weiblich; Erwachsen; Harpie"
100,"Fantasy; Weiblich; Erwachsen; Unbekannte Rasse"
101,"Fantasy; Weiblich; Erwachsen; Mensch"
102,"Fantasy; Weiblich; Erwachsen; Tiefling"
103,"Fantasy; Weiblich; Erwachsen; Tiefling"
104,"Fantasy; Monster; Alter Unbekannt; Unbekannte Rasse"
105,"Fantasy; Weiblich; Erwachsen; Drow"
106,"Fantasy; Weiblich; Erwachsen; Wasserdinge; Unbekannte Rasse"
107,"Fantasy; Weiblich; Erwachsen; Mensch"
108,"Fantasy; Weiblich; Junger Erwachsener; Unbekannte Rasse"
109,"Fantasy; Weiblich; Erwachsen; Drow"
110,"Fantasy; Männlich; Erwachsen; Mensch"
111,"Fantasy; Weiblich; Erwachsen; Vampir"
112,"Space; Impressionen"
113,"Space; Impressionen"
114,"Fantasy; Männlich; Erwachsen; Tiefling"
115,"Fantasy; Weiblich; Erwachsen; Monster; Unbekannte Rasse"
116,"Fantasy; Weiblich; Junger Erwachsener; Mensch"
117,"Fantasy; Steampunk; Weiblich; Erwachsen; Mensch"
118,"Space; Cyberpunk; Geschlechtsneutral; Erwachsen; Mensch"
119,"Fantasy; Weiblich; Erwachsen; Mensch"
120,"Space; Cyberpunk; Geschlechtsneutral; Erwachsen; Mensch"
121,"Space; Cyberpunk; Geschlechtsneutral; Erwachsen; Mensch"
122,"Fantasy; Weiblich; Erwachsen; Mensch"
123,"Space; Cyberpunk; Weiblich; Erwachsen; Mensch"
124,"Space; Cyberpunk; Männlich; Junger Erwachsener; Mensch"
125,"Space; Cyberpunk; Weiblich; Erwachsen; Mensch"
126,"Space; Cyberpunk; Weiblich; Erwachsen; Mensch"
127,"Fantasy; Weiblich; Erwachsen; Tiefling"
128,"Fantasy; Weiblich; Junger Erwachsener; Mensch"
129,"Space; Cyberpunk; Weiblich; Junger Erwachsener; Mensch"
130,"Space; Cyberpunk; Weiblich; Erwachsen; Mensch"
131,"Fantasy; Weiblich; Erwachsen; Drow"
132,"Fantasy; Monster; Alter Unbekannt; Unbekannte Rasse"
133,"Fantasy; Weiblich; Erwachsen; Drow"
134,"Fantasy; Weiblich; Erwachsen; Tiefling"
135,"Fantasy; Weiblich; Erwachsen; Drow"
136,"Fantasy; Weiblich; Junger Erwachsener; Mensch; Elf"
137,"Fantasy; Weiblich; Erwachsen; Drow"
138,"Star Wars; Weiblich; Erwachsen; Chiss"
139,"Fantasy; Weiblich; Erwachsen; Mensch"
140,"Space; Cyberpunk; Weiblich; Erwachsen; Mensch"
141,"Space; Cyberpunk; Geschlechtsneutral; Erwachsen; Unbekannte Rasse"
142,"Fantasy; Weiblich; Erwachsen; Elf"
143,"Fantasy; Weiblich; Erwachsen; Elf"
144,"Fantasy; Weiblich; Junger Erwachsener; Mensch"
145,"Space; Impressionen"
146,"Fantasy; Weiblich; Junger Erwachsener; Mensch"
147,"Space; Impressionen"
148,"Fantasy; Weiblich; Junger Erwachsener; Fey"
149,"Fantasy; Weiblich; Erwachsen; Vampir"
150,"Space; Cyberpunk; Weiblich; Junger Erwachsener; Mensch"
151,"Space; Cyberpunk; Weiblich; Erwachsen; Mensch"
152,"Space; Cyberpunk; Weiblich; Erwachsen; Mensch"
153,"Fantasy; Weiblich; Erwachsen; Mensch"
154,"Fantasy; Männlich; Erwachsen; Elf"
155,"Fantasy; Weiblich; Erwachsen; Drow"
156,"Fantasy; Weiblich; Junger Erwachsener; Drow"
157,"Fantasy; Weiblich; Erwachsen; Mensch"
158,"Space; Impressionen"
159,"Fantasy; Weiblich; Erwachsen; Mensch"
160,"Fantasy; Weiblich; Erwachsen; Unbekannte Rasse"
161,"Space; Cyberpunk; Weiblich; Erwachsen; Mensch"
162,"Fantasy; Weiblich; Junger Erwachsener; Mensch"
163,"Fantasy; Männlich; Erwachsen; Mensch"
164,"Fantasy; Weiblich; Erwachsen; Mensch"
165,"Fantasy; Weiblich; Erwachsen; Mensch"
166,"Space; Cyberpunk; Weiblich; Erwachsen; Drow"
167,"Space; Cyberpunk; Weiblich; Erwachsen; Elf"
168,"Fantasy; Geschlechtsneutral; Erwachsen; Mensch"
169,"Fantasy; Geschlechtsneutral; Erwachsen; Mensch"
170,"Fantasy; Weiblich; Junger Erwachsener; Mensch"
171,"Space; Impressionen"
172,"Fantasy; Weiblich; Erwachsen; Tiefling"
173,"Space; Impressionen"
174,"Fantasy; Weiblich; Erwachsen; Mensch"
175,"Fantasy; Weiblich; Erwachsen; Mensch"
176,"Fantasy; Weiblich; Junger Erwachsener; Tiefling"
177,"Space; Cyberpunk; Weiblich; Erwachsen; Drow"
178,"Fantasy; Männlich; Erwachsen; Mensch"
179,"Fantasy; Weiblich; Erwachsen; Wasserdinge; Unbekannte Rasse"
180,"Fantasy; Weiblich; Erwachsen; Unbekannte Rasse"
181,"Fantasy; Weiblich; Junger Erwachsener; Mensch"
182,"Fantasy; Weiblich; Erwachsen; Mensch"
183,"Space; Cyberpunk; Weiblich; Erwachsen; Drow"
184,"Fantasy; Weiblich; Erwachsen; Drow"
185,"Fantasy; Weiblich; Junger Erwachsener; Mensch"
186,"Fantasy; Weiblich; Erwachsen; Vampir"
187,"Fantasy; Männlich; Erwachsen; Mensch"
188,"Fantasy; Weiblich; Erwachsen; Mensch"
189,"Fantasy; Weiblich; Erwachsen; Mensch"
190,"Fantasy; Weiblich; Erwachsen; Mensch"
191,"Fantasy; Männlich; Erwachsen; Elf"
192,"Fantasy; Weiblich; Junger Erwachsener; Unbekannte Rasse"
193,"Fantasy; Weiblich; Erwachsen; Vampir"
194,"Fantasy; Weiblich; Erwachsen; Tiefling"
195,"Space; Cyberpunk; Geschlechtsneutral; Alter Unbekannt; Unbekannte Rasse"
196,"Fantasy; Weiblich; Erwachsen; Tiefling"
197,"Fantasy; Weiblich; Erwachsen; Mensch"
198,"Fantasy; Weiblich; Junger Erwachsener; Mensch"
199,"Fantasy; Geschlechtsneutral; Alter Unbekannt; Fey"
200,"Fantasy; Weiblich; Erwachsen; Mensch"
201,"Fantasy; Weiblich; Junger Erwachsener; Mensch; Elf"
202,"Fantasy; Weiblich; Erwachsen; Elf"
203,"Fantasy; Weiblich; Erwachsen; Mensch"
204,"Fantasy; Weiblich; Erwachsen; Mensch"
205,"Fantasy; Weiblich; Erwachsen; Tiefling"
206,"Fantasy; Weiblich; Erwachsen; Mensch"
207,"Fantasy; Weiblich; Erwachsen; Mensch"
208,"Space; Cyberpunk; Weiblich; Erwachsen; Mensch"
209,"Fantasy; Weiblich; Erwachsen; Harpie"
210,"Space; Cyberpunk; Weiblich; Erwachsen; Elf"
211,"Fantasy; Geschlechtsneutral; Jugendlich; Mensch"
212,"Fantasy; Männlich; Erwachsen; Elf"
213,"Fantasy; Weiblich; Erwachsen; Mensch"
214,"Fantasy; Weiblich; Erwachsen; Elf"
215,"Space; Weiblich; Erwachsen; Mensch"
216,"Fantasy; Männlich; Erwachsen; Zwerg"
217,"Fantasy; Weiblich; Erwachsen; Tiefling"
218,"Fantasy; Weiblich; Erwachsen; Mensch"
219,"Fantasy; Männlich; Erwachsen; Mensch"
220,"Fantasy; Weiblich; Erwachsen; Mensch"
221,"Fantasy; Impressionen"
222,"Fantasy; Impressionen"
223,"Fantasy; Weiblich; Erwachsen; Tiefling"
224,"Fantasy; Weiblich; Erwachsen; Elf"
225,"Fantasy; Weiblich; Erwachsen; Mensch"
226,"Fantasy; Weiblich; Erwachsen; Mensch"
227,"Fantasy; Männlich; Erwachsen; Elf"
228,"Fantasy; Männlich; Erwachsen; Mensch"
229,"Fantasy; Weiblich; Erwachsen; Mensch"
230,"Fantasy; Weiblich; Erwachsen; Drow"
231,"Fantasy; Weiblich; Erwachsen; Mensch"
232,"Fantasy; Weiblich; Erwachsen; Tiefling"
233,"Fantasy; Männlich; Erwachsen; Mensch"
234,"Fantasy; Männlich; Erwachsen; Mensch"
235,"Fantasy; Männlich; Erwachsen; Tiefling"
236,"Fantasy; Weiblich; Erwachsen; Mensch"
237,"Fantasy; Männlich; Erwachsen; Mensch"
238,"Fantasy; Weiblich; Erwachsen; Drow"
239,"Fantasy; Männlich; Erwachsen; Tiefling"
240,"Fantasy; Weiblich; Erwachsen; Mensch"
241,"Fantasy; Weiblich; Erwachsen; Mensch"
242,"Fantasy; Weiblich; Erwachsen; Mensch"
243,"Fantasy; Weiblich; Erwachsen; Mensch"
244,"Fantasy; Weiblich; Erwachsen; Elf; Wasserdinge"
245,"Fantasy; Weiblich; Erwachsen; Mensch"
246,"Fantasy; Weiblich; Erwachsen; Drow"
247,"Fantasy; Weiblich; Erwachsen; Mensch"
248,"Fantasy; Weiblich; Erwachsen; Mensch"
249,"Fantasy; Impressionen"
250,"Fantasy; Weiblich; Erwachsen; Mensch"
251,"Fantasy; Männlich; Erwachsen; Mensch"
252,"Fantasy; Weiblich; Erwachsen; Mensch"
253,"Fantasy; Weiblich; Erwachsen; Mensch"
254,"Space; Weiblich; Erwachsen; Elf"
255,"Fantasy; Weiblich; Erwachsen; Mensch"
256,"Fantasy; Weiblich; Erwachsen; Elf"
257,"Fantasy; Weiblich; Erwachsen; Mensch"
258,"Fantasy; Männlich; Alt; Mensch"
259,"Fantasy; Weiblich; Erwachsen; Mensch"
260,"Space; Cyberpunk; Weiblich; Erwachsen; Mensch"
261,"Fantasy; Weiblich; Erwachsen; Mensch"
262,"Fantasy; Männlich; Erwachsen; Mensch"
263,"Fantasy; Weiblich; Erwachsen; Elf"
264,"Fantasy; Männlich; Erwachsen; Mensch"
265,"Fantasy; Weiblich; Erwachsen; Elf"
266,"Fantasy; Weiblich; Erwachsen; Mensch"
267,"Fantasy; Weiblich; Erwachsen; Drow"
268,"Fantasy; Weiblich; Junger Erwachsener; Elf"
269,"Fantasy; Weiblich; Erwachsen; Elf"
270,"Fantasy; Weiblich; Erwachsen; Drow"
271,"Space; Cyberpunk; Weiblich; Junger Erwachsener; Mensch"
272,"Space; Cyberpunk; Weiblich; Junger Erwachsener; Mensch"
273,"Space; Cyberpunk; Weiblich; Junger Erwachsener; Mensch"
274,"Space; Cyberpunk; Weiblich; Junger Erwachsener; Mensch"
275,"Space; Cyberpunk; Weiblich; Erwachsen; Mensch"
276,"Fantasy; Weiblich; Erwachsen; Mensch"
277,"Fantasy; Weiblich; Erwachsen; Vampir"
278,"Fantasy; Weiblich; Erwachsen; Vampir"
279,"Fantasy; Weiblich; Erwachsen; Tiefling"
280,"Space; Cyberpunk; Impressionen"
281,"Fantasy; Weiblich; Erwachsen; Mensch"
282,"Fantasy; Weiblich; Junger Erwachsener; Elf"
283,"Fantasy; Weiblich; Erwachsen; Vampir"
284,"Fantasy; Weiblich; Junger Erwachsener; Mensch"
285,"Space; Cyberpunk; Weiblich; Erwachsen; Mensch"
286,"Fantasy; Weiblich; Erwachsen; Mensch"
287,"Fantasy; Weiblich; Erwachsen; Mensch"
288,"Fantasy; Weiblich; Erwachsen; Vampir"
289,"Fantasy; Weiblich; Erwachsen; Drow"
290,"Fantasy; Weiblich; Erwachsen; Vampir"
291,"Fantasy; Weiblich; Erwachsen; Vampir"
292,"Fantasy; Weiblich; Erwachsen; Mensch"
293,"Fantasy; Weiblich; Junger Erwachsener; Mensch"
294,"Fantasy; Weiblich; Erwachsen; Mensch"
295,"Fantasy; Weiblich; Erwachsen; Mensch"
296,"Fantasy; Weiblich; Erwachsen; Mensch"
297,"Fantasy; Weiblich; Erwachsen; Vampir"
298,"Fantasy; Weiblich; Junger Erwachsener; Elf"
299,"Fantasy; Weiblich; Erwachsen; Fey"
300,"Space; Cyberpunk; Weiblich; Erwachsen; Mensch"
301,"Fantasy; Weiblich; Erwachsen; Tiefling"
302,"Fantasy; Weiblich; Erwachsen; Tiefling"
303,"Space; Cyberpunk; Weiblich; Erwachsen; Drow"
304,"Fantasy; Weiblich; Erwachsen; Elf"
305,"Space; Cyberpunk; Männlich; Erwachsen; Mensch"
306,"Fantasy; Weiblich; Junger Erwachsener; Tiefling"
307,"Fantasy; Weiblich; Erwachsen; Drow"
308,"Fantasy; Weiblich; Erwachsen; Mensch"
309,"Fantasy; Weiblich; Erwachsen; Mensch"
310,"Fantasy; Weiblich; Erwachsen; Elf"
311,"Fantasy; Weiblich; Erwachsen; Drow"
312,"Fantasy; Weiblich; Erwachsen; Vampir"
313,"Fantasy; Weiblich; Erwachsen; Drow"
314,"Fantasy; Weiblich; Erwachsen; Drow"
315,"Fantasy; Weiblich; Junger Erwachsener; Fey"
316,"Fantasy; Weiblich; Junger Erwachsener; Elf"
317,"Fantasy; Weiblich; Erwachsen; Mensch"
318,"Fantasy; Weiblich; Erwachsen; Mensch"
319,"Fantasy; Weiblich; Erwachsen; Mensch"
320,"Fantasy; Steampunk; Weiblich; Erwachsen; Mensch"
321,"Space; Cyberpunk; Weiblich; Erwachsen; Mensch"
322,"Space; Cyberpunk; Weiblich; Erwachsen; Mensch"
323,"Fantasy; Weiblich; Erwachsen; Mensch"
324,"Space; Cyberpunk; Weiblich; Erwachsen; Elf"
325,"Fantasy; Männlich; Erwachsen; Mensch"
326,"Fantasy; Weiblich; Junger Erwachsener; Elf"
327,"Fantasy; Männlich; Erwachsen; Elf"
328,"Fantasy; Weiblich; Erwachsen; Drow"
329,"Fantasy; Männlich; Erwachsen; Drow"
330,"Space; Cyberpunk; Weiblich; Erwachsen; Mensch"
331,"Fantasy; Weiblich; Erwachsen; Mensch"
332,"Fantasy; Weiblich; Erwachsen; Elf"
333,"Fantasy; Männlich; Erwachsen; Drow"
334,"Fantasy; Weiblich; Erwachsen; Mensch"
335,"Fantasy; Weiblich; Erwachsen; Tiefling"
336,"Fantasy; Weiblich; Junger Erwachsener; Tiefling"
337,"Fantasy; Weiblich; Erwachsen; Drow"
338,"Fantasy; Weiblich; Erwachsen; Elf"
339,"Fantasy; Männlich; Erwachsen; Mensch"
340,"Fantasy; Weiblich; Erwachsen; Mensch"
341,"Fantasy; Männlich; Erwachsen; Drow"
342,"Fantasy; Weiblich; Erwachsen; Drow"
343,"Fantasy; Weiblich; Männlich; Erwachsen; Kind; Drow"
344,"Space; Cyberpunk; Weiblich; Junger Erwachsener; Elf"
345,"Fantasy; Weiblich; Erwachsen; Elf"
346,"Fantasy; Weiblich; Erwachsen; Mensch"
347,"Fantasy; Weiblich; Erwachsen; Drow"
348,"Fantasy; Männlich; Erwachsen; Drow"
349,"Fantasy; Weiblich; Erwachsen; Vampir"
350,"Fantasy; Weiblich; Erwachsen; Drow"
351,"Fantasy; Weiblich; Erwachsen; Mensch"
352,"Fantasy; Weiblich; Erwachsen; Drow"
353,"Fantasy; Männlich; Junger Erwachsener; Elf"
354,"Fantasy; Weiblich; Erwachsen; Drow"
355,"Fantasy; Männlich; Erwachsen; Mensch"
356,"Space; Cyberpunk; Weiblich; Junger Erwachsener; Mensch"
357,"Fantasy; Weiblich; Erwachsen; Mensch"
358,"Fantasy; Weiblich; Erwachsen; Drow"
359,"Fantasy; Weiblich; Erwachsen; Mensch"
360,"Space; Cyberpunk; Weiblich; Erwachsen; Mensch"
361,"Fantasy; Weiblich; Erwachsen; Mensch"
362,"Fantasy; Weiblich; Erwachsen; Mensch"
363,"Fantasy; Weiblich; Erwachsen; Tiefling"
364,"Fantasy; Weiblich; Erwachsen; Tiefling"
365,"Fantasy; Weiblich; Erwachsen; Mensch"
366,"Fantasy; Weiblich; Erwachsen; Fey"
367,"Fantasy; Weiblich; Erwachsen; Drow"
368,"Fantasy; Weiblich; Erwachsen; Mensch"
369,"Fantasy; Weiblich; Erwachsen; Mensch"
370,"Fantasy; Weiblich; Erwachsen; Mensch; Elf"
371,"Fantasy; Weiblich; Erwachsen; Mensch"
372,"Fantasy; Weiblich; Erwachsen; Mensch"
373,"Fantasy; Weiblich; Erwachsen; Drow"
374,"Fantasy; Weiblich; Erwachsen; Mensch"
375,"Fantasy; Weiblich; Junger Erwachsener; Mensch"
376,"Fantasy; Weiblich; Erwachsen; Tiefling"
377,"Fantasy; Weiblich; Erwachsen; Drow"
378,"Fantasy; Weiblich; Jugendlich; Unbekannte Rasse"
379,"Fantasy; Weiblich; Erwachsen; Tiefling"
380,"Fantasy; Weiblich; Erwachsen; Wasserdinge; Unbekannte Rasse"
381,"Fantasy; Weiblich; Erwachsen; Elf; Wasserdinge"
382,"Fantasy; Weiblich; Erwachsen; Drow"
383,"Fantasy; Weiblich; Erwachsen; Unbekannte Rasse"
384,"Fantasy; Weiblich; Erwachsen; Vampir"
385,"Fantasy; Weiblich; Erwachsen; Unbekannte Rasse"
386,"Fantasy; Weiblich; Erwachsen; Mensch"
387,"Fantasy; Männlich; Erwachsen; Mensch"
388,"Fantasy; Männlich; Erwachsen; Drow"
389,"Fantasy; Männlich; Erwachsen; Mensch"
390,"Space; Cyberpunk; Weiblich; Junger Erwachsener; Mensch"
391,"Fantasy; Weiblich; Erwachsen; Mensch"
392,"Fantasy; Weiblich; Erwachsen; Mensch"
393,"Fantasy; Weiblich; Erwachsen; Mensch"
394,"Fantasy; Weiblich; Erwachsen; Mensch"
395,"Fantasy; Weiblich; Erwachsen; Mensch"
396,"Fantasy; Weiblich; Erwachsen; Mensch"
397,"Fantasy; Weiblich; Erwachsen; Ork"
398,"Space; Cyberpunk; Weiblich; Erwachsen; Mensch"
399,"Fantasy; Weiblich; Erwachsen; Kind; Mensch"
400,"Fantasy; Männlich; Erwachsen; Mensch"
401,"Fantasy; Weiblich; Erwachsen; Mensch"
402,"Fantasy; Weiblich; Erwachsen; Drow"
403,"Fantasy; Weiblich; Junger Erwachsener; Tiefling"
404,"Fantasy; Weiblich; Junger Erwachsener; Mensch"
405,"Fantasy; Weiblich; Erwachsen; Monster; Unbekannte Rasse"
406,"Fantasy; Weiblich; Erwachsen; Drow"
407,"Fantasy; Weiblich; Erwachsen; Drow"
408,"Fantasy; Weiblich; Erwachsen; Wasserdinge; Unbekannte Rasse"
409,"Fantasy; Weiblich; Erwachsen; Elf; Wasserdinge"
410,"Fantasy; Weiblich; Erwachsen; Fey"
411,"Fantasy; Weiblich; Erwachsen; Drow"
412,"Fantasy; Männlich; Junger Erwachsener; Mensch"
413,"Fantasy; Männlich; Erwachsen; Mensch"
414,"Fantasy; Weiblich; Erwachsen; Mensch"
415,"Fantasy; Weiblich; Erwachsen; Monster; Unbekannte Rasse"
416,"Fantasy; Weiblich; Erwachsen; Vampir"
417,"Fantasy; Weiblich; Erwachsen; Elf"
418,"Fantasy; Weiblich; Erwachsen; Tiefling"
419,"Fantasy; Weiblich; Erwachsen; Goblin"
420,"Fantasy; Männlich; Erwachsen; Drow"
421,"Fantasy; Weiblich; Erwachsen; Monster; Unbekannte Rasse"
422,"Fantasy; Weiblich; Erwachsen; Elf"
423,"Fantasy; Männlich; Erwachsen; Mensch"
424,"Fantasy; Männlich; Erwachsen; Elf"
425,"Fantasy; Weiblich; Erwachsen; Drow"
426,"Fantasy; Männlich; Erwachsen; Ork"
427,"Fantasy; Weiblich; Erwachsen; Mensch"
428,"Fantasy; Weiblich; Erwachsen; Tiefling"
429,"Fantasy; Weiblich; Erwachsen; Tiefling"
430,"Fantasy; Männlich; Erwachsen; Mensch"
431,"Fantasy; Weiblich; Erwachsen; Drow"
432,"Fantasy; Weiblich; Erwachsen; Tiefling"
433,"Fantasy; Weiblich; Erwachsen; Mensch"
434,"Fantasy; Weiblich; Erwachsen; Elf"
435,"Fantasy; Männlich; Erwachsen; Ork"
436,"Fantasy; Weiblich; Erwachsen; Tiefling"
437,"Fantasy; Männlich; Erwachsen; Drow"
438,"Fantasy; Weiblich; Junger Erwachsener; Fey"
439,"Fantasy; Weiblich; Erwachsen; Drow"
440,"Fantasy; Weiblich; Erwachsen; Mensch"
441,"Fantasy; Weiblich; Erwachsen; Mensch"
442,"Fantasy; Weiblich; Erwachsen; Elf"
443,"Fantasy; Männlich; Erwachsen; Mensch"
444,"Fantasy; Monster; Alter Unbekannt; Unbekannte Rasse"
445,"Fantasy; Weiblich; Erwachsen; Mensch"
446,"Fantasy; Weiblich; Erwachsen; Tiefling"
447,"Fantasy; Weiblich; Erwachsen; Vampir"
448,"Fantasy; Weiblich; Erwachsen; Mensch"
449,"Fantasy; Weiblich; Erwachsen; Mensch"
450,"Fantasy; Männlich; Erwachsen; Elf"
451,"Fantasy; Weiblich; Erwachsen; Vampir"
452,"Fantasy; Monster; Alter Unbekannt; Unbekannte Rasse"
453,"Fantasy; Männlich; Erwachsen; Mensch"
454,"Fantasy; Weiblich; Erwachsen; Mensch"
455,"Space; Cyberpunk; Weiblich; Erwachsen; Drow"
456,"Fantasy; Weiblich; Erwachsen; Drow"
457,"Fantasy; Weiblich; Junger Erwachsener; Tiefling"
458,"Fantasy; Weiblich; Erwachsen; Tiefling"
459,"Fantasy; Weiblich; Erwachsen; Mensch"
460,"Fantasy; Männlich; Erwachsen; Mensch"
461,"Fantasy; Weiblich; Erwachsen; Mensch"
462,"Fantasy; Männlich; Erwachsen; Mensch"
463,"Fantasy; Männlich; Erwachsen; Mensch"
464,"Fantasy; Weiblich; Erwachsen; Mensch"
465,"Space; Cyberpunk; Weiblich; Erwachsen; Drow"
466,"Fantasy; Weiblich; Erwachsen; Mensch"
467,"Fantasy; Weiblich; Erwachsen; Vampir"
468,"Fantasy; Männlich; Erwachsen; Drow"
469,"Fantasy; Männlich; Erwachsen; Ork"
470,"Fantasy; Weiblich; Erwachsen; Mensch"
471,"Fantasy; Weiblich; Erwachsen; Mensch"
472,"Fantasy; Weiblich; Junger Erwachsener; Mensch"
473,"Space; Cyberpunk; Weiblich; Erwachsen; Unbekannte Rasse"
474,"Fantasy; Weiblich; Erwachsen; Vampir"
475,"Fantasy; Männlich; Erwachsen; Elf"
476,"Fantasy; Steampunk; Männlich; Erwachsen; Mensch"
477,"Fantasy; Weiblich; Erwachsen; Mensch"
478,"Fantasy; Weiblich; Erwachsen; Mensch"
479,"Fantasy; Weiblich; Erwachsen; Kind; Mensch"
480,"Fantasy; Weiblich; Erwachsen; Tiefling"
481,"Space; Weiblich; Junger Erwachsener; Mensch"
482,"Space; Impressionen"
483,"Fantasy; Weiblich; Erwachsen; Drow"
484,"Fantasy; Weiblich; Erwachsen; Mensch"
485,"Fantasy; Weiblich; Erwachsen; Mensch"
486,"Fantasy; Weiblich; Erwachsen; Vampir"
487,"Fantasy; Weiblich; Erwachsen; Monster; Unbekannte Rasse"
488,"Space; 40K; Männlich; Erwachsen; Mensch"
489,"Fantasy; Weiblich; Erwachsen; Mensch"
490,"Space; 40K; Männlich; Erwachsen; Mensch"
491,"Space; Impressionen"
492,"Space; Impressionen"
493,"Space; Impressionen"
494,"Space; Impressionen"
495,"Fantasy; Weiblich; Erwachsen; Elf"
496,"Space; Cyberpunk; Männlich; Erwachsen; Mensch"
497,"Fantasy; Weiblich; Erwachsen; Monster; Unbekannte Rasse"
498,"Fantasy; Weiblich; Erwachsen; Vampir"
499,"Space; Cyberpunk; Weiblich; Erwachsen; Drow"
500,"Fantasy; Weiblich; Erwachsen; Monster; Unbekannte Rasse"
501,"Space; 40K; Weiblich; Erwachsen; Mensch"
502,"Fantasy; Männlich; Erwachsen; Mensch"
503,"Fantasy; Weiblich; Erwachsen; Unbekannte Rasse"
504,"Space; 40K; Männlich; Erwachsen; Mensch"
505,"Fantasy; Weiblich; Männlich; Erwachsen; Drow"
506,"Space; 40K; Weiblich; Erwachsen; Drow"
507,"Space; 40K; Weiblich; Erwachsen; Mensch"
508,"Fantasy; Männlich; Erwachsen; Mensch"
509,"Space; 40K; Weiblich; Erwachsen; Unbekannte Rasse"
510,"Space; 40K; Weiblich; Erwachsen; Mensch"
511,"Space; 40K; Weiblich; Erwachsen; Mensch"
512,"Space; 40K; Weiblich; Erwachsen; Mensch"
513,"Space; 40K; Weiblich; Erwachsen; Mensch"
514,"Fantasy; Weiblich; Erwachsen; Mensch"
515,"Space; Weiblich; Erwachsen; Unbekannte Rasse"
516,"Space; 40K; Weiblich; Erwachsen; Mensch"
517,"Space; Cyberpunk; Weiblich; Erwachsen; Mensch"
518,"Space; 40K; Weiblich; Erwachsen; Mensch"
519,"Space; 40K; Weiblich; Erwachsen; Mensch"
520,"Space; 40K; Männlich; Erwachsen; Mensch"
521,"Space; 40K; Männlich; Erwachsen; Mensch"
522,"Space; 40K; Männlich; Erwachsen; Mensch"
523,"Space; 40K; Weiblich; Erwachsen; Drow"
524,"Space; 40K; Weiblich; Männlich; Erwachsen; Drow"
525,"Space; Impressionen"
526,"Fantasy; Männlich; Erwachsen; Mensch"
527,"Space; 40K; Weiblich; Erwachsen; Mensch"
528,"Space; 40K; Weiblich; Erwachsen; Mensch"
529,"Space; Impressionen"
530,"Space; 40K; Weiblich; Erwachsen; Mensch"
531,"Space; 40K; Weiblich; Erwachsen; Unbekannte Rasse"
532,"Fantasy; Weiblich; Erwachsen; Fey"
533,"Star Wars; Männlich; Erwachsen; Twi'Lek"
534,"Fantasy; Weiblich; Erwachsen; Mensch"
535,"Fantasy; Weiblich; Erwachsen; Mensch"
536,"Fantasy; Weiblich; Erwachsen; Vampir"
537,"Fantasy; Weiblich; Erwachsen; Drow"
538,"Fantasy; Weiblich; Erwachsen; Drow"
539,"Fantasy; Männlich; Erwachsen; Drow"
540,"Space; Cyberpunk; Weiblich; Erwachsen; Mensch"
541,"Fantasy; Männlich; Erwachsen; Tiefling"
542,"Fantasy; Weiblich; Erwachsen; Drow"
543,"Fantasy; Weiblich; Erwachsen; Mensch"
544,"Fantasy; Weiblich; Erwachsen; Mensch"
545,"Fantasy; Männlich; Junger Erwachsener; Elf"
546,"Fantasy; Männlich; Erwachsen; Tiefling"
547,"Fantasy; Weiblich; Erwachsen; Drow"
548,"Space; Cyberpunk; Weiblich; Erwachsen; Mensch"
549,"Fantasy; Weiblich; Erwachsen; Mensch"
550,"Fantasy; Weiblich; Erwachsen; Mensch"
551,"Fantasy; Weiblich; Junger Erwachsener; Elf"
552,"Space; Cyberpunk; Weiblich; Erwachsen; Mensch"
553,"Fantasy; Weiblich; Erwachsen; Elf"
554,"Fantasy; Weiblich; Erwachsen; Mensch"
555,"Space; 40K; Weiblich; Männlich; Erwachsen; Drow"
556,"Fantasy; Weiblich; Erwachsen; Elf"
557,"Fantasy; Weiblich; Erwachsen; Tiefling"
558,"Fantasy; Weiblich; Erwachsen; Mensch"
559,"Fantasy; Weiblich; Erwachsen; Mensch"
560,"Fantasy; Männlich; Erwachsen; Drow"
561,"Fantasy; Weiblich; Erwachsen; Fey"
562,"Fantasy; Weiblich; Erwachsen; Drow"
563,"Fantasy; Weiblich; Erwachsen; Mensch"
564,"Fantasy; Weiblich; Erwachsen; Mensch"
565,"Fantasy; Weiblich; Erwachsen; Elf"
566,"Fantasy; Weiblich; Erwachsen; Drow"
567,"Fantasy; Weiblich; Erwachsen; Mensch"
568,"Fantasy; Weiblich; Erwachsen; Tiefling"
569,"Fantasy; Weiblich; Junger Erwachsener; Tiefling"
570,"Fantasy; Weiblich; Erwachsen; Fey"
571,"Fantasy; Männlich; Erwachsen; Monster; Unbekannte Rasse"
572,"Fantasy; Männlich; Erwachsen; Fey"
573,"Fantasy; Weiblich; Erwachsen; Unbekannte Rasse"
574,"Fantasy; Weiblich; Erwachsen; Mensch"
575,"Fantasy; Männlich; Erwachsen; Drow"
576,"Fantasy; Weiblich; Junger Erwachsener; Mensch"
577,"Fantasy; Weiblich; Erwachsen; Mensch"
578,"Space; 40K; Weiblich; Erwachsen; Mensch"
579,"Fantasy; Männlich; Erwachsen; Mensch"
580,"Fantasy; Weiblich; Erwachsen; Mensch"
581,"Fantasy; Weiblich; Erwachsen; Mensch"
582,"Space; Männlich; Erwachsen; Drow"
583,"Space; Cyberpunk; Männlich; Erwachsen; Unbekannte Rasse"
584,"Fantasy; Männlich; Erwachsen; Mensch"
585,"Space; Cyberpunk; Weiblich; Junger Erwachsener; Mensch"
586,"Fantasy; Weiblich; Erwachsen; Drow"
587,"Fantasy; Männlich; Erwachsen; Mensch"
588,"Fantasy; Männlich; Erwachsen; Mensch"
589,"Fantasy; Weiblich; Erwachsen; Mensch"
590,"Fantasy; Weiblich; Erwachsen; Vampir"
591,"Fantasy; Männlich; Erwachsen; Vampir"
592,"Fantasy; Männlich; Erwachsen; Mensch"
593,"Fantasy; Männlich; Junger Erwachsener; Elf"
594,"Fantasy; Männlich; Erwachsen; Drow"
595,"Space; Cyberpunk; Männlich; Erwachsen; Wasserdinge; Unbekannte Rasse"
596,"Fantasy; Weiblich; Erwachsen; Tiefling"
597,"Fantasy; Weiblich; Erwachsen; Mensch"
598,"Fantasy; Weiblich; Erwachsen; Drow"
599,"Fantasy; Weiblich; Erwachsen; Drow"
600,"Fantasy; Weiblich; Erwachsen; Mensch"
601,"Fantasy; Männlich; Erwachsen; Vampir"
602,"Fantasy; Weiblich; Erwachsen; Mensch"
603,"Fantasy; Weiblich; Erwachsen; Mensch"
604,"Space; Cyberpunk; Weiblich; Erwachsen; Drow"
605,"Fantasy; Weiblich; Junger Erwachsener; Elf"
606,"Fantasy; Männlich; Erwachsen; Mensch"
607,"Space; 40K; Weiblich; Erwachsen; Drow"
608,"Fantasy; Steampunk; Weiblich; Erwachsen; Mensch"
609,"Fantasy; Weiblich; Erwachsen; Tiefling"
610,"Fantasy; Weiblich; Erwachsen; Tiefling"
611,"Fantasy; Geschlechtsneutral; Erwachsen; Mensch"
612,"Fantasy; Weiblich; Erwachsen; Elf"
613,"Fantasy; Weiblich; Erwachsen; Mensch"
614,"Fantasy; Impressionen"
615,"Fantasy; Impressionen"
616,"Fantasy; Männlich; Erwachsen; Vampir"
617,"Fantasy; Weiblich; Erwachsen; Drow"
618,"Fantasy; Weiblich; Männlich; Erwachsen; Elf"
619,"Fantasy; Männlich; Erwachsen; Mensch"
620,"Fantasy; Weiblich; Erwachsen; Mensch"
621,"Fantasy; Weiblich; Erwachsen; Elf"
622,"Fantasy; Männlich; Erwachsen; Mensch"
623,"Fantasy; Weiblich; Erwachsen; Mensch"
624,"Fantasy; Männlich; Erwachsen; Mensch"
625,"Fantasy; Weiblich; Erwachsen; Fey"
626,"Fantasy; Weiblich; Junger Erwachsener; Elf"
627,"Fantasy; Männlich; Erwachsen; Mensch"
628,"Fantasy; Weiblich; Erwachsen; Drow"
629,"Fantasy; Weiblich; Junger Erwachsener; Elf"
630,"Fantasy; Weiblich; Erwachsen; Tiefling"
631,"Fantasy; Weiblich; Erwachsen; Fey"
632,"Fantasy; Weiblich; Erwachsen; Vampir"
633,"Fantasy; Weiblich; Erwachsen; Mensch"
634,"Fantasy; Weiblich; Erwachsen; Mensch"
635,"Fantasy; Weiblich; Erwachsen; Mensch"
636,"Fantasy; Weiblich; Erwachsen; Wasserdinge; Unbekannte Rasse"
637,"Fantasy; Weiblich; Erwachsen; Monster; Unbekannte Rasse"
638,"Fantasy; Männlich; Erwachsen; Elf"
639,"Fantasy; Weiblich; Erwachsen; Elf"
640,"Fantasy; Weiblich; Erwachsen; Vampir"
641,"Fantasy; Weiblich; Erwachsen; Mensch"
642,"Fantasy; Männlich; Erwachsen; Mensch"
643,"Fantasy; Weiblich; Erwachsen; Mensch"
644,"Fantasy; Männlich; Erwachsen; Mensch"
645,"Fantasy; Weiblich; Erwachsen; Tiefling"
646,"Fantasy; Weiblich; Erwachsen; Drow"
647,"Fantasy; Männlich; Erwachsen; Kind; Drow"
648,"Fantasy; Weiblich; Erwachsen; Monster; Unbekannte Rasse"
649,"Fantasy; Weiblich; Erwachsen; Vampir"
650,"Fantasy; Weiblich; Erwachsen; Mensch"
651,"Space; Weiblich; Junger Erwachsener; Elf"
652,"Fantasy; Weiblich; Erwachsen; Drow"
653,"Fantasy; Weiblich; Erwachsen; Vampir"
654,"Fantasy; Weiblich; Erwachsen; Drow"
655,"Fantasy; Weiblich; Erwachsen; Mensch"
656,"Fantasy; Weiblich; Erwachsen; Vampir"
657,"Fantasy; Weiblich; Erwachsen; Tiefling"
658,"Fantasy; Weiblich; Erwachsen; Tiefling"
659,"Fantasy; Weiblich; Erwachsen; Mensch"
660,"Fantasy; Weiblich; Erwachsen; Mensch"
661,"Fantasy; Weiblich; Erwachsen; Tiefling"
662,"Space; Weiblich; Erwachsen; Unbekannte Rasse"
663,"Space; Cyberpunk; Weiblich; Erwachsen; Mensch"
664,"Space; Cyberpunk; Weiblich; Erwachsen; Unbekannte Rasse"
665,"Fantasy; Weiblich; Erwachsen; Mensch"
666,"Fantasy; Weiblich; Erwachsen; Mensch"
667,"Fantasy; Weiblich; Erwachsen; Mensch"
668,"Fantasy; Weiblich; Erwachsen; Mensch"
