"Index","Path","Tags","Status","Error"
"1","C:\Users\marcs\Videos\ImageDatabase\TTRPG-ImageDatabase\Images\(1) JinYu(__)_COMMISSIONS CLOSED on X_ ____amp___ _oc https___t.co_8GIMIUhf67_ _ X.jpeg","Space; Geschlechtsneutral; Erwachsen; Mensch","OK",""
"2","C:\Users\marcs\Videos\ImageDatabase\TTRPG-ImageDatabase\Images\(1) Macroblock on X_ _3 pieces to get to know me https___t.co_j04lkOm51M_ _ X 1.jpeg","Space; Impressionen","OK",""
"3","C:\Users\marcs\Videos\ImageDatabase\TTRPG-ImageDatabase\Images\(1) Macroblock on X_ _3 pieces to get to know me https___t.co_j04lkOm51M_ _ X 2.jpeg","Space; Impressionen","OK",""
"4","C:\Users\marcs\Videos\ImageDatabase\TTRPG-ImageDatabase\Images\(1) Macroblock on X_ _3 pieces to get to know me https___t.co_j04lkOm51M_ _ X.jpeg","Space; Impressionen","OK",""
"5","C:\Users\marcs\Videos\ImageDatabase\TTRPG-ImageDatabase\Images\(1) Marcel Deneuve on X_ _My World is Cold https___t.co_2PkJhbwFQ1_ _ X.jpeg","Space; Impressionen","OK",""
"6","C:\Users\marcs\Videos\ImageDatabase\TTRPG-ImageDatabase\Images\(1) Media posts by __An-Helme (_annahelme) _ X.jpeg","Fantasy; Weiblich; Erwachsen; Drow","OK",""
"7","C:\Users\marcs\Videos\ImageDatabase\TTRPG-ImageDatabase\Images\(1) Media posts by fivegarret (_fivegarret5) _ X 1.jpeg","Space; Cyberpunk; Weiblich; Junger Erwachsener; Mensch","OK",""
"8","C:\Users\marcs\Videos\ImageDatabase\TTRPG-ImageDatabase\Images\(1) Media posts by fivegarret (_fivegarret5) _ X 2.jpeg","Space; Weiblich; Junger Erwachsener; Elf","OK",""
"9","C:\Users\marcs\Videos\ImageDatabase\TTRPG-ImageDatabase\Images\(1) Media posts by fivegarret (_fivegarret5) _ X.jpeg","Space; Weiblich; Erwachsen; Unbekannte Rasse","OK",""
"10","C:\Users\marcs\Videos\ImageDatabase\TTRPG-ImageDatabase\Images\(1) Media posts by Margaret__ (_MargelMargaret) _ X 1.jpeg","Fantasy; Weiblich; Junger Erwachsener; Tiefling","OK",""
"11","C:\Users\marcs\Videos\ImageDatabase\TTRPG-ImageDatabase\Images\(1) Media posts by Margaret__ (_MargelMargaret) _ X.jpeg","Fantasy; Weiblich; Erwachsen; Elf","OK",""
"12","C:\Users\marcs\Videos\ImageDatabase\TTRPG-ImageDatabase\Images\(1) Media posts by minemir _ comm OPEN _ (_Minemir_) _ X 1.jpeg","Fantasy; Weiblich; Junger Erwachsener; Unbekannte Rasse","OK",""
"13","C:\Users\marcs\Videos\ImageDatabase\TTRPG-ImageDatabase\Images\(1) Media posts by minemir _ comm OPEN _ (_Minemir_) _ X 10.jpeg","Fantasy; Weiblich; Junger Erwachsener; Mensch","OK",""
"14","C:\Users\marcs\Videos\ImageDatabase\TTRPG-ImageDatabase\Images\(1) Media posts by minemir _ comm OPEN _ (_Minemir_) _ X 11.jpeg","Fantasy; Weiblich; Erwachsen; Mensch","OK",""
"15","C:\Users\marcs\Videos\ImageDatabase\TTRPG-ImageDatabase\Images\(1) Media posts by minemir _ comm OPEN _ (_Minemir_) _ X 12.jpeg","Fantasy; Weiblich; Junger Erwachsener; Elf","OK",""
"16","C:\Users\marcs\Videos\ImageDatabase\TTRPG-ImageDatabase\Images\(1) Media posts by minemir _ comm OPEN _ (_Minemir_) _ X 13.jpeg","Fantasy; Weiblich; Junger Erwachsener; Unbekannte Rasse","OK",""
"17","C:\Users\marcs\Videos\ImageDatabase\TTRPG-ImageDatabase\Images\(1) Media posts by minemir _ comm OPEN _ (_Minemir_) _ X 14.jpeg","Fantasy; Weiblich; Erwachsen; Mensch","OK",""
"18","C:\Users\marcs\Videos\ImageDatabase\TTRPG-ImageDatabase\Images\(1) Media posts by minemir _ comm OPEN _ (_Minemir_) _ X 15.jpeg","Fantasy; Weiblich; Junger Erwachsener; Mensch","OK",""
"19","C:\Users\marcs\Videos\ImageDatabase\TTRPG-ImageDatabase\Images\(1) Media posts by minemir _ comm OPEN _ (_Minemir_) _ X 2.jpeg","Fantasy; Weiblich; Junger Erwachsener; Mensch","OK",""
"20","C:\Users\marcs\Videos\ImageDatabase\TTRPG-ImageDatabase\Images\(1) Media posts by minemir _ comm OPEN _ (_Minemir_) _ X 3.jpeg","Fantasy; Weiblich; Junger Erwachsener; Mensch","OK",""
"21","C:\Users\marcs\Videos\ImageDatabase\TTRPG-ImageDatabase\Images\(1) Media posts by minemir _ comm OPEN _ (_Minemir_) _ X 4.jpeg","Fantasy; Weiblich; Junger Erwachsener; Elf","OK",""
"22","C:\Users\marcs\Videos\ImageDatabase\TTRPG-ImageDatabase\Images\(1) Media posts by minemir _ comm OPEN _ (_Minemir_) _ X 5.jpeg","Fantasy; Weiblich; Erwachsen; Elf","OK",""
"23","C:\Users\marcs\Videos\ImageDatabase\TTRPG-ImageDatabase\Images\(1) Media posts by minemir _ comm OPEN _ (_Minemir_) _ X 6.jpeg","Fantasy; Weiblich; Junger Erwachsener; Elf","OK",""
"24","C:\Users\marcs\Videos\ImageDatabase\TTRPG-ImageDatabase\Images\(1) Media posts by minemir _ comm OPEN _ (_Minemir_) _ X 7.jpeg","Fantasy; Weiblich; Erwachsen; Vampir","OK",""
"25","C:\Users\marcs\Videos\ImageDatabase\TTRPG-ImageDatabase\Images\(1) Media posts by minemir _ comm OPEN _ (_Minemir_) _ X 8.jpeg","Fantasy; Weiblich; Junger Erwachsener; Elf","OK",""
"26","C:\Users\marcs\Videos\ImageDatabase\TTRPG-ImageDatabase\Images\(1) Media posts by minemir _ comm OPEN _ (_Minemir_) _ X 9.jpeg","Fantasy; Weiblich; Erwachsen; Mensch","OK",""
"27","C:\Users\marcs\Videos\ImageDatabase\TTRPG-ImageDatabase\Images\(1) Media posts by minemir _ comm OPEN _ (_Minemir_) _ X.jpeg","Fantasy; Weiblich; Erwachsen; Mensch","OK",""
"28","C:\Users\marcs\Videos\ImageDatabase\TTRPG-ImageDatabase\Images\(1) X 127.jpeg","Fantasy; Weiblich; Erwachsen; Tiefling","OK",""
"29","C:\Users\marcs\Videos\ImageDatabase\TTRPG-ImageDatabase\Images\(1) X 211.jpeg","Fantasy; Weiblich; Erwachsen; Drow","OK",""
"30","C:\Users\marcs\Videos\ImageDatabase\TTRPG-ImageDatabase\Images\(1) X 215.jpeg","Fantasy; Kleider","OK",""
"31","C:\Users\marcs\Videos\ImageDatabase\TTRPG-ImageDatabase\Images\(1) X 257.jpeg","Fantasy; Weiblich; Erwachsen; Tiefling","OK",""
"32","C:\Users\marcs\Videos\ImageDatabase\TTRPG-ImageDatabase\Images\(1) X 302.jpeg","Fantasy; Weiblich; Erwachsen; Elf","OK",""
"33","C:\Users\marcs\Videos\ImageDatabase\TTRPG-ImageDatabase\Images\(1) X 303.jpeg","Fantasy; Weiblich; Erwachsen; Tiefling","OK",""
"34","C:\Users\marcs\Videos\ImageDatabase\TTRPG-ImageDatabase\Images\(1) X 304.jpeg","Fantasy; Weiblich; Erwachsen; Unbekannte Rasse; Wasserdinge","OK",""
"35","C:\Users\marcs\Videos\ImageDatabase\TTRPG-ImageDatabase\Images\(1) X 305.jpeg","Fantasy; Weiblich; Erwachsen; Mensch","OK",""
"36","C:\Users\marcs\Videos\ImageDatabase\TTRPG-ImageDatabase\Images\(1) X 306.jpeg","Fantasy; Weiblich; Erwachsen; Unbekannte Rasse","OK",""
"37","C:\Users\marcs\Videos\ImageDatabase\TTRPG-ImageDatabase\Images\(1) X 307.jpeg","Fantasy; Weiblich; Junger Erwachsener; Elf","OK",""
"38","C:\Users\marcs\Videos\ImageDatabase\TTRPG-ImageDatabase\Images\(1) X 308.jpeg","Fantasy; Weiblich; Erwachsen; Mensch","OK",""
"39","C:\Users\marcs\Videos\ImageDatabase\TTRPG-ImageDatabase\Images\(1) X 310.jpeg","Space; Cyberpunk; Weiblich; Erwachsen; Mensch","OK",""
"40","C:\Users\marcs\Videos\ImageDatabase\TTRPG-ImageDatabase\Images\(1) X 311.jpeg","Fantasy; Weiblich; Junger Erwachsener; Elf","OK",""
"41","C:\Users\marcs\Videos\ImageDatabase\TTRPG-ImageDatabase\Images\(1) X 312.jpeg","Fantasy; Weiblich; Erwachsen; Harpie","OK",""
"42","C:\Users\marcs\Videos\ImageDatabase\TTRPG-ImageDatabase\Images\(1) X 313.jpeg","Fantasy; Weiblich; Erwachsen; Mensch","OK",""
"43","C:\Users\marcs\Videos\ImageDatabase\TTRPG-ImageDatabase\Images\(1) X 314.jpeg","Fantasy; Weiblich; Erwachsen; Drow","OK",""
"44","C:\Users\marcs\Videos\ImageDatabase\TTRPG-ImageDatabase\Images\(1) X 315.jpeg","Space; Cyberpunk; Weiblich; Erwachsen; Drow","OK",""
"45","C:\Users\marcs\Videos\ImageDatabase\TTRPG-ImageDatabase\Images\(1) X 316.jpeg","Fantasy; Weiblich; Junger Erwachsener; Mensch","OK",""
"46","C:\Users\marcs\Videos\ImageDatabase\TTRPG-ImageDatabase\Images\(1) X 317.jpeg","Fantasy; Männlich; Junger Erwachsener; Elf","OK",""
"47","C:\Users\marcs\Videos\ImageDatabase\TTRPG-ImageDatabase\Images\(1) X 319.jpeg","Space; Cyberpunk; Weiblich; Erwachsen; Mensch","OK",""
"48","C:\Users\marcs\Videos\ImageDatabase\TTRPG-ImageDatabase\Images\(1) X 320.jpeg","Fantasy; Weiblich; Kind; Jugendlich; Erwachsen; Tiefling","OK",""
"49","C:\Users\marcs\Videos\ImageDatabase\TTRPG-ImageDatabase\Images\(1) X 321.jpeg","Fantasy; Weiblich; Erwachsen; Tiefling","OK",""
"50","C:\Users\marcs\Videos\ImageDatabase\TTRPG-ImageDatabase\Images\(1) X 322.jpeg","Fantasy; Weiblich; Erwachsen; Drow","OK",""
"51","C:\Users\marcs\Videos\ImageDatabase\TTRPG-ImageDatabase\Images\(1) X 323.jpeg","Fantasy; Weiblich; Erwachsen; Elf","OK",""
"52","C:\Users\marcs\Videos\ImageDatabase\TTRPG-ImageDatabase\Images\(1) X 324.jpeg","Space; Geschlechtsneutral; Alter Unbekannt; Unbekannte Rasse","OK",""
"53","C:\Users\marcs\Videos\ImageDatabase\TTRPG-ImageDatabase\Images\(1) X 325.jpeg","Fantasy; Impressionen; Monster; Unbekannte Rasse","OK",""
"54","C:\Users\marcs\Videos\ImageDatabase\TTRPG-ImageDatabase\Images\(1) X 326.jpeg","Space; Geschlechtsneutral; Alter Unbekannt; Unbekannte Rasse","OK",""
"55","C:\Users\marcs\Videos\ImageDatabase\TTRPG-ImageDatabase\Images\(1) X 327.jpeg","Fantasy; Weiblich; Männlich; Erwachsen; Drow","OK",""
"56","C:\Users\marcs\Videos\ImageDatabase\TTRPG-ImageDatabase\Images\(1) X 328.jpeg","Fantasy; Weiblich; Erwachsen; Drow","OK",""
"57","C:\Users\marcs\Videos\ImageDatabase\TTRPG-ImageDatabase\Images\(1) X 329.jpeg","Fantasy; Weiblich; Junger Erwachsener; Mensch","OK",""
"58","C:\Users\marcs\Videos\ImageDatabase\TTRPG-ImageDatabase\Images\(1) X 330.jpeg","Fantasy; Weiblich; Männlich; Erwachsen; Alt; Mensch; Elf","OK",""
"59","C:\Users\marcs\Videos\ImageDatabase\TTRPG-ImageDatabase\Images\(1) X 331.jpeg","Fantasy; Weiblich; Junger Erwachsener; Wasserdinge; Unbekannte Rasse","OK",""
"60","C:\Users\marcs\Videos\ImageDatabase\TTRPG-ImageDatabase\Images\(1) X 332.jpeg","Fantasy; Weiblich; Erwachsen; Elf","OK",""
"61","C:\Users\marcs\Videos\ImageDatabase\TTRPG-ImageDatabase\Images\(1) X 333.jpeg","Fantasy; Weiblich; Erwachsen; Mensch","OK",""
"62","C:\Users\marcs\Videos\ImageDatabase\TTRPG-ImageDatabase\Images\(1) X 334.jpeg","Space; Cyberpunk; Weiblich; Erwachsen; Mensch","OK",""
"63","C:\Users\marcs\Videos\ImageDatabase\TTRPG-ImageDatabase\Images\(1) X 335.jpeg","Fantasy; Weiblich; Erwachsen; Elf","OK",""
"64","C:\Users\marcs\Videos\ImageDatabase\TTRPG-ImageDatabase\Images\(1) X 336.jpeg","Fantasy; Weiblich; Erwachsen; Drow","OK",""
"65","C:\Users\marcs\Videos\ImageDatabase\TTRPG-ImageDatabase\Images\(1) X 337.jpeg","Fantasy; Weiblich; Junger Erwachsener; Drow","OK",""
"66","C:\Users\marcs\Videos\ImageDatabase\TTRPG-ImageDatabase\Images\(1) X 339.jpeg","Fantasy; Weiblich; Erwachsen; Tiefling","OK",""
"67","C:\Users\marcs\Videos\ImageDatabase\TTRPG-ImageDatabase\Images\(1) X 340.jpeg","Fantasy; Space; Weiblich; Erwachsen; Mensch","OK",""
"68","C:\Users\marcs\Videos\ImageDatabase\TTRPG-ImageDatabase\Images\(1) X 341.jpeg","Fantasy; Impressionen","OK",""
"69","C:\Users\marcs\Videos\ImageDatabase\TTRPG-ImageDatabase\Images\(1) X 342.jpeg","Space; Impressionen","OK",""
"70","C:\Users\marcs\Videos\ImageDatabase\TTRPG-ImageDatabase\Images\(1) X 343.jpeg","Fantasy; Weiblich; Erwachsen; Mensch","OK",""
"71","C:\Users\marcs\Videos\ImageDatabase\TTRPG-ImageDatabase\Images\(1) X 344.jpeg","Fantasy; Weiblich; Erwachsen; Mensch","OK",""
"72","C:\Users\marcs\Videos\ImageDatabase\TTRPG-ImageDatabase\Images\(1) X 345.jpeg","Fantasy; Impressionen","OK",""
"73","C:\Users\marcs\Videos\ImageDatabase\TTRPG-ImageDatabase\Images\(1) X 346.jpeg","Fantasy; Impressionen","OK",""
"74","C:\Users\marcs\Videos\ImageDatabase\TTRPG-ImageDatabase\Images\(1) X 347.jpeg","Fantasy; Impressionen","OK",""
"75","C:\Users\marcs\Videos\ImageDatabase\TTRPG-ImageDatabase\Images\(1) X 348.jpeg","Fantasy; Weiblich; Erwachsen; Drow","OK",""
"76","C:\Users\marcs\Videos\ImageDatabase\TTRPG-ImageDatabase\Images\(1) X 349.jpeg","Space; Impressionen","OK",""
"77","C:\Users\marcs\Videos\ImageDatabase\TTRPG-ImageDatabase\Images\(1) X 350.jpeg","Space; Impressionen","OK",""
"78","C:\Users\marcs\Videos\ImageDatabase\TTRPG-ImageDatabase\Images\(1) X 351.jpeg","Space; Impressionen","OK",""
"79","C:\Users\marcs\Videos\ImageDatabase\TTRPG-ImageDatabase\Images\(1) X 352.jpeg","Fantasy; Weiblich; Erwachsen; Fey","OK",""
"80","C:\Users\marcs\Videos\ImageDatabase\TTRPG-ImageDatabase\Images\(1) X 353.jpeg","Space; Impressionen","OK",""
"81","C:\Users\marcs\Videos\ImageDatabase\TTRPG-ImageDatabase\Images\(1) X 354.jpeg","Fantasy; Weiblich; Erwachsen; Tiefling","OK",""
"82","C:\Users\marcs\Videos\ImageDatabase\TTRPG-ImageDatabase\Images\(1) X 355.jpeg","Fantasy; Weiblich; Erwachsen; Tiefling","OK",""
"83","C:\Users\marcs\Videos\ImageDatabase\TTRPG-ImageDatabase\Images\(1) X 356.jpeg","Fantasy; Männlich; Erwachsen; Drow","OK",""
"84","C:\Users\marcs\Videos\ImageDatabase\TTRPG-ImageDatabase\Images\(1) X 357.jpeg","Fantasy; Weiblich; Erwachsen; Elf","OK",""
"85","C:\Users\marcs\Videos\ImageDatabase\TTRPG-ImageDatabase\Images\(1) X 358.jpeg","Fantasy; Männlich; Erwachsen; Drow","OK",""
"86","C:\Users\marcs\Videos\ImageDatabase\TTRPG-ImageDatabase\Images\(1) X 359.jpeg","Fantasy; Weiblich; Erwachsen; Elf","OK",""
"87","C:\Users\marcs\Videos\ImageDatabase\TTRPG-ImageDatabase\Images\(1) X 360.jpeg","Fantasy; Weiblich; Erwachsen; Mensch","OK",""
"88","C:\Users\marcs\Videos\ImageDatabase\TTRPG-ImageDatabase\Images\(1) X 361.jpeg","Fantasy; Männlich; Erwachsen; Mensch","OK",""
"89","C:\Users\marcs\Videos\ImageDatabase\TTRPG-ImageDatabase\Images\(1) X 362.jpeg","Fantasy; Männlich; Junger Erwachsener; Mensch","OK",""
"90","C:\Users\marcs\Videos\ImageDatabase\TTRPG-ImageDatabase\Images\(1) X 363.jpeg","Space; Cyberpunk; Weiblich; Erwachsen; Mensch","OK",""
"91","C:\Users\marcs\Videos\ImageDatabase\TTRPG-ImageDatabase\Images\(1) X 364.jpeg","Fantasy; Weiblich; Erwachsen; Mensch","OK",""
"92","C:\Users\marcs\Videos\ImageDatabase\TTRPG-ImageDatabase\Images\(1) X 365.jpeg","Fantasy; Weiblich; Junger Erwachsener; Tiefling","OK",""
"93","C:\Users\marcs\Videos\ImageDatabase\TTRPG-ImageDatabase\Images\(1) X 366.jpeg","Fantasy; Weiblich; Erwachsen; Elf","OK",""
"94","C:\Users\marcs\Videos\ImageDatabase\TTRPG-ImageDatabase\Images\(1) X 367.jpeg","Space; Cyberpunk; Weiblich; Junger Erwachsener; Mensch","OK",""
"95","C:\Users\marcs\Videos\ImageDatabase\TTRPG-ImageDatabase\Images\(1) X 368.jpeg","Space; Cyberpunk; Weiblich; Junger Erwachsener; Mensch","OK",""
"96","C:\Users\marcs\Videos\ImageDatabase\TTRPG-ImageDatabase\Images\(1) X 369.jpeg","Fantasy; Weiblich; Erwachsen; Fey","OK",""
"97","C:\Users\marcs\Videos\ImageDatabase\TTRPG-ImageDatabase\Images\(1) X 370.jpeg","Space; Cyberpunk; Männlich; Junger Erwachsener; Mensch","OK",""
"98","C:\Users\marcs\Videos\ImageDatabase\TTRPG-ImageDatabase\Images\(1) X 371.jpeg","Fantasy; Weiblich; Erwachsen; Mensch","OK",""
"99","C:\Users\marcs\Videos\ImageDatabase\TTRPG-ImageDatabase\Images\(1) X 372.jpeg","Fantasy; Weiblich; Erwachsen; Harpie","OK",""
"100","C:\Users\marcs\Videos\ImageDatabase\TTRPG-ImageDatabase\Images\(1) X 373.jpeg","Fantasy; Weiblich; Erwachsen; Unbekannte Rasse","OK",""
"101","C:\Users\marcs\Videos\ImageDatabase\TTRPG-ImageDatabase\Images\(1) X 374.jpeg","Fantasy; Weiblich; Erwachsen; Mensch","OK",""
"102","C:\Users\marcs\Videos\ImageDatabase\TTRPG-ImageDatabase\Images\(1) X 375.jpeg","Fantasy; Weiblich; Erwachsen; Tiefling","OK",""
"103","C:\Users\marcs\Videos\ImageDatabase\TTRPG-ImageDatabase\Images\(1) X 376.jpeg","Fantasy; Weiblich; Erwachsen; Tiefling","OK",""
"104","C:\Users\marcs\Videos\ImageDatabase\TTRPG-ImageDatabase\Images\(1) X 377.jpeg","Fantasy; Monster; Alter Unbekannt; Unbekannte Rasse","OK",""
"105","C:\Users\marcs\Videos\ImageDatabase\TTRPG-ImageDatabase\Images\(1) X 378.jpeg","Fantasy; Weiblich; Erwachsen; Drow","OK",""
"106","C:\Users\marcs\Videos\ImageDatabase\TTRPG-ImageDatabase\Images\(1) X 383.jpeg","Fantasy; Weiblich; Erwachsen; Wasserdinge; Unbekannte Rasse","OK",""
"107","C:\Users\marcs\Videos\ImageDatabase\TTRPG-ImageDatabase\Images\(1) X 384.jpeg","Fantasy; Weiblich; Erwachsen; Mensch","OK",""
"108","C:\Users\marcs\Videos\ImageDatabase\TTRPG-ImageDatabase\Images\(1) X 386.jpeg","Fantasy; Weiblich; Junger Erwachsener; Unbekannte Rasse","OK",""
"109","C:\Users\marcs\Videos\ImageDatabase\TTRPG-ImageDatabase\Images\(1) X 387.jpeg","Fantasy; Weiblich; Erwachsen; Drow","OK",""
"110","C:\Users\marcs\Videos\ImageDatabase\TTRPG-ImageDatabase\Images\(1) X 388.jpeg","Fantasy; Männlich; Erwachsen; Mensch","OK",""
"111","C:\Users\marcs\Videos\ImageDatabase\TTRPG-ImageDatabase\Images\(1) X 389.jpeg","Fantasy; Weiblich; Erwachsen; Vampir","OK",""
"112","C:\Users\marcs\Videos\ImageDatabase\TTRPG-ImageDatabase\Images\(1) X 391.jpeg","Space; Impressionen","OK",""
"113","C:\Users\marcs\Videos\ImageDatabase\TTRPG-ImageDatabase\Images\(1) X 392.jpeg","Space; Impressionen","OK",""
"114","C:\Users\marcs\Videos\ImageDatabase\TTRPG-ImageDatabase\Images\(1) X 393.jpeg","Fantasy; Männlich; Erwachsen; Tiefling","OK",""
"115","C:\Users\marcs\Videos\ImageDatabase\TTRPG-ImageDatabase\Images\(1) X 394.jpeg","Fantasy; Weiblich; Erwachsen; Monster; Unbekannte Rasse","OK",""
"116","C:\Users\marcs\Videos\ImageDatabase\TTRPG-ImageDatabase\Images\(1) X 396.jpeg","Fantasy; Weiblich; Junger Erwachsener; Mensch","OK",""
"117","C:\Users\marcs\Videos\ImageDatabase\TTRPG-ImageDatabase\Images\(1) X 397.jpeg","Fantasy; Steampunk; Weiblich; Erwachsen; Mensch","OK",""
"118","C:\Users\marcs\Videos\ImageDatabase\TTRPG-ImageDatabase\Images\(1) X 398.jpeg","Space; Cyberpunk; Geschlechtsneutral; Erwachsen; Mensch","OK",""
"119","C:\Users\marcs\Videos\ImageDatabase\TTRPG-ImageDatabase\Images\(1) X 399.jpeg","Fantasy; Weiblich; Erwachsen; Mensch","OK",""
"120","C:\Users\marcs\Videos\ImageDatabase\TTRPG-ImageDatabase\Images\(1) X 400.jpeg","Space; Cyberpunk; Geschlechtsneutral; Erwachsen; Mensch","OK",""
"121","C:\Users\marcs\Videos\ImageDatabase\TTRPG-ImageDatabase\Images\(1) X 401.jpeg","Space; Cyberpunk; Geschlechtsneutral; Erwachsen; Mensch","OK",""
"122","C:\Users\marcs\Videos\ImageDatabase\TTRPG-ImageDatabase\Images\(1) X 402.jpeg","Fantasy; Weiblich; Erwachsen; Mensch","OK",""
"123","C:\Users\marcs\Videos\ImageDatabase\TTRPG-ImageDatabase\Images\(1) X 403.jpeg","Space; Cyberpunk; Weiblich; Erwachsen; Mensch","OK",""
"124","C:\Users\marcs\Videos\ImageDatabase\TTRPG-ImageDatabase\Images\(1) X 404.jpeg","Space; Cyberpunk; Männlich; Junger Erwachsener; Mensch","OK",""
"125","C:\Users\marcs\Videos\ImageDatabase\TTRPG-ImageDatabase\Images\(1) X 405.jpeg","Space; Cyberpunk; Weiblich; Erwachsen; Mensch","OK",""
"126","C:\Users\marcs\Videos\ImageDatabase\TTRPG-ImageDatabase\Images\(1) X 406.jpeg","Space; Cyberpunk; Weiblich; Erwachsen; Mensch","OK",""
"127","C:\Users\marcs\Videos\ImageDatabase\TTRPG-ImageDatabase\Images\(1) X 407.jpeg","Fantasy; Weiblich; Erwachsen; Tiefling","OK",""
"128","C:\Users\marcs\Videos\ImageDatabase\TTRPG-ImageDatabase\Images\(1) X 408.jpeg","Fantasy; Weiblich; Junger Erwachsener; Mensch","OK",""
"129","C:\Users\marcs\Videos\ImageDatabase\TTRPG-ImageDatabase\Images\(1) X 409.jpeg","Space; Cyberpunk; Weiblich; Junger Erwachsener; Mensch","OK",""
"130","C:\Users\marcs\Videos\ImageDatabase\TTRPG-ImageDatabase\Images\(1) X 410.jpeg","Space; Cyberpunk; Weiblich; Erwachsen; Mensch","OK",""
"131","C:\Users\marcs\Videos\ImageDatabase\TTRPG-ImageDatabase\Images\(1) X 411.jpeg","Fantasy; Weiblich; Erwachsen; Drow","OK",""
"132","C:\Users\marcs\Videos\ImageDatabase\TTRPG-ImageDatabase\Images\(1) X 412.jpeg","Fantasy; Monster; Alter Unbekannt; Unbekannte Rasse","OK",""
"133","C:\Users\marcs\Videos\ImageDatabase\TTRPG-ImageDatabase\Images\(1) X 413.jpeg","Fantasy; Weiblich; Erwachsen; Drow","OK",""
"134","C:\Users\marcs\Videos\ImageDatabase\TTRPG-ImageDatabase\Images\(1) X 414.jpeg","Fantasy; Weiblich; Erwachsen; Tiefling","OK",""
"135","C:\Users\marcs\Videos\ImageDatabase\TTRPG-ImageDatabase\Images\(1) X 415.jpeg","Fantasy; Weiblich; Erwachsen; Drow","OK",""
"136","C:\Users\marcs\Videos\ImageDatabase\TTRPG-ImageDatabase\Images\(1) X 416.jpeg","Fantasy; Weiblich; Junger Erwachsener; Mensch; Elf","OK",""
"137","C:\Users\marcs\Videos\ImageDatabase\TTRPG-ImageDatabase\Images\(1) X 417.jpeg","Fantasy; Weiblich; Erwachsen; Drow","OK",""
"138","C:\Users\marcs\Videos\ImageDatabase\TTRPG-ImageDatabase\Images\(1) X 418.jpeg","Star Wars; Weiblich; Erwachsen; Chiss","OK",""
"139","C:\Users\marcs\Videos\ImageDatabase\TTRPG-ImageDatabase\Images\(1) X 419.jpeg","Fantasy; Weiblich; Erwachsen; Mensch","OK",""
"140","C:\Users\marcs\Videos\ImageDatabase\TTRPG-ImageDatabase\Images\(1) X.png","Space; Cyberpunk; Weiblich; Erwachsen; Mensch","OK",""
"141","C:\Users\marcs\Videos\ImageDatabase\TTRPG-ImageDatabase\Images\(2) Home _ X 2.jpeg","Space; Cyberpunk; Geschlechtsneutral; Erwachsen; Unbekannte Rasse","OK",""
"142","C:\Users\marcs\Videos\ImageDatabase\TTRPG-ImageDatabase\Images\001ebb49fc91bc23de7d0400c6b7c8d3.jpeg","Fantasy; Weiblich; Erwachsen; Elf","OK",""
"143","C:\Users\marcs\Videos\ImageDatabase\TTRPG-ImageDatabase\Images\0164086bdece080f75226e93a03f23a2.jpeg","Fantasy; Weiblich; Erwachsen; Elf","OK",""
"144","C:\Users\marcs\Videos\ImageDatabase\TTRPG-ImageDatabase\Images\06ik32xnz7jg1.jpeg","Fantasy; Weiblich; Junger Erwachsener; Mensch","OK",""
"145","C:\Users\marcs\Videos\ImageDatabase\TTRPG-ImageDatabase\Images\15_Fletcher_Vertical_FINAL.png","Space; Impressionen","OK",""
"146","C:\Users\marcs\Videos\ImageDatabase\TTRPG-ImageDatabase\Images\16cccrbun3ag1.jpeg","Fantasy; Weiblich; Junger Erwachsener; Mensch","OK",""
"147","C:\Users\marcs\Videos\ImageDatabase\TTRPG-ImageDatabase\Images\17_Vidara_Gateforge_FINAL.png","Space; Impressionen","OK",""
"148","C:\Users\marcs\Videos\ImageDatabase\TTRPG-ImageDatabase\Images\2a0qevouuxlg1.jpeg","Fantasy; Weiblich; Junger Erwachsener; Fey","OK",""
"149","C:\Users\marcs\Videos\ImageDatabase\TTRPG-ImageDatabase\Images\2e32b1d107b5d75540e2add3d1df6a6d.jpeg","Fantasy; Weiblich; Erwachsen; Vampir","OK",""
"150","C:\Users\marcs\Videos\ImageDatabase\TTRPG-ImageDatabase\Images\2e85j8r13ayd1.png","Space; Cyberpunk; Weiblich; Junger Erwachsener; Mensch","OK",""
"151","C:\Users\marcs\Videos\ImageDatabase\TTRPG-ImageDatabase\Images\2hthwgygezjf1.jpeg","Space; Cyberpunk; Weiblich; Erwachsen; Mensch","OK",""
"152","C:\Users\marcs\Videos\ImageDatabase\TTRPG-ImageDatabase\Images\38hptt3ij12g1.jpeg","Space; Cyberpunk; Weiblich; Erwachsen; Mensch","OK",""
"153","C:\Users\marcs\Videos\ImageDatabase\TTRPG-ImageDatabase\Images\3a19fb625e478354751bc02ad810a892.jpeg","Fantasy; Weiblich; Erwachsen; Mensch","OK",""
"154","C:\Users\marcs\Videos\ImageDatabase\TTRPG-ImageDatabase\Images\3d9d3a54cedae0108e335142cd7b97d8.jpeg","Fantasy; Männlich; Erwachsen; Elf","OK",""
"155","C:\Users\marcs\Videos\ImageDatabase\TTRPG-ImageDatabase\Images\3q5mzb5bv7tf1.jpeg","Fantasy; Weiblich; Erwachsen; Drow","OK",""
"156","C:\Users\marcs\Videos\ImageDatabase\TTRPG-ImageDatabase\Images\5o674u5domhg1.jpeg","Fantasy; Weiblich; Junger Erwachsener; Drow","OK",""
"157","C:\Users\marcs\Videos\ImageDatabase\TTRPG-ImageDatabase\Images\5y3b2k3655nf1.jpeg","Fantasy; Weiblich; Erwachsen; Mensch","OK",""
"158","C:\Users\marcs\Videos\ImageDatabase\TTRPG-ImageDatabase\Images\629134ba3052c9492d638108eb3c1076.jpeg","Space; Impressionen","OK",""
"159","C:\Users\marcs\Videos\ImageDatabase\TTRPG-ImageDatabase\Images\6e29p8wtj1kf1.jpeg","Fantasy; Weiblich; Erwachsen; Mensch","OK",""
"160","C:\Users\marcs\Videos\ImageDatabase\TTRPG-ImageDatabase\Images\6znmxwnugmjf1.png","Fantasy; Weiblich; Erwachsen; Unbekannte Rasse","OK",""
"161","C:\Users\marcs\Videos\ImageDatabase\TTRPG-ImageDatabase\Images\76by26mweatf1.png","Space; Cyberpunk; Weiblich; Erwachsen; Mensch","OK",""
"162","C:\Users\marcs\Videos\ImageDatabase\TTRPG-ImageDatabase\Images\795ctxp6yhvf1.jpeg","Fantasy; Weiblich; Junger Erwachsener; Mensch","OK",""
"163","C:\Users\marcs\Videos\ImageDatabase\TTRPG-ImageDatabase\Images\7maagz8y8ylf1.jpeg","Fantasy; Männlich; Erwachsen; Mensch","OK",""
"164","C:\Users\marcs\Videos\ImageDatabase\TTRPG-ImageDatabase\Images\7xlo9cazfcnf1.jpeg","Fantasy; Weiblich; Erwachsen; Mensch","OK",""
"165","C:\Users\marcs\Videos\ImageDatabase\TTRPG-ImageDatabase\Images\800kxns2fe4g1.png","Fantasy; Weiblich; Erwachsen; Mensch","OK",""
"166","C:\Users\marcs\Videos\ImageDatabase\TTRPG-ImageDatabase\Images\9raq7a4anojf1.png","Space; Cyberpunk; Weiblich; Erwachsen; Drow","OK",""
"167","C:\Users\marcs\Videos\ImageDatabase\TTRPG-ImageDatabase\Images\a0acee9463d0a484129672163b2ec527.jpeg","Space; Cyberpunk; Weiblich; Erwachsen; Elf","OK",""
"168","C:\Users\marcs\Videos\ImageDatabase\TTRPG-ImageDatabase\Images\a9h1nlkyp0of1.jpeg","Fantasy; Geschlechtsneutral; Erwachsen; Mensch","OK",""
"169","C:\Users\marcs\Videos\ImageDatabase\TTRPG-ImageDatabase\Images\aahwk34ztjmf1.jpeg","Fantasy; Geschlechtsneutral; Erwachsen; Mensch","OK",""
"170","C:\Users\marcs\Videos\ImageDatabase\TTRPG-ImageDatabase\Images\anastasia-fedorova-eleanor-fin.jpeg","Fantasy; Weiblich; Junger Erwachsener; Mensch","OK",""
"171","C:\Users\marcs\Videos\ImageDatabase\TTRPG-ImageDatabase\Images\artem-cheshirsky-9.jpeg","Space; Impressionen","OK",""
"172","C:\Users\marcs\Videos\ImageDatabase\TTRPG-ImageDatabase\Images\astelia-the-blazing-temptress-linanoa-v0-vmgc39uj433g1.jpeg","Fantasy; Weiblich; Erwachsen; Tiefling","OK",""
"173","C:\Users\marcs\Videos\ImageDatabase\TTRPG-ImageDatabase\Images\bartol-rendulic-801-cpt-spaceships-anacreoncorvette-v10-11-20190716-br.jpg (JPEG-Grafik_ 1920___1280 Pixel).undefined","Space; Impressionen","FAILED","Ausnahme beim Aufrufen von ""SetKeywords"" mit 2 Argument(en):  ""Beim Aufruf einer COM-Komponente wurde ein HRESULT E_FAIL-Fehler zurückgegeben."""
"174","C:\Users\marcs\Videos\ImageDatabase\TTRPG-ImageDatabase\Images\bdzdjzbuho4g1.jpeg","Fantasy; Weiblich; Erwachsen; Mensch","OK",""
"175","C:\Users\marcs\Videos\ImageDatabase\TTRPG-ImageDatabase\Images\ben-mcentee-co-student-3.jpeg","Fantasy; Weiblich; Erwachsen; Mensch","OK",""
"176","C:\Users\marcs\Videos\ImageDatabase\TTRPG-ImageDatabase\Images\c0tbiqfb1i2g1.png","Fantasy; Weiblich; Junger Erwachsener; Tiefling","OK",""
"177","C:\Users\marcs\Videos\ImageDatabase\TTRPG-ImageDatabase\Images\c9n00etlrs4g1.jpeg","Space; Cyberpunk; Weiblich; Erwachsen; Drow","OK",""
"178","C:\Users\marcs\Videos\ImageDatabase\TTRPG-ImageDatabase\Images\ccwrejm76wmf1.jpeg","Fantasy; Männlich; Erwachsen; Mensch","OK",""
"179","C:\Users\marcs\Videos\ImageDatabase\TTRPG-ImageDatabase\Images\ch62imvcio0g1.jpeg","Fantasy; Weiblich; Erwachsen; Wasserdinge; Unbekannte Rasse","OK",""
"180","C:\Users\marcs\Videos\ImageDatabase\TTRPG-ImageDatabase\Images\cm2unwqvhm2g1.jpeg","Fantasy; Weiblich; Erwachsen; Unbekannte Rasse","OK",""
"181","C:\Users\marcs\Videos\ImageDatabase\TTRPG-ImageDatabase\Images\d2nlweo6uykf1.png","Fantasy; Weiblich; Junger Erwachsener; Mensch","OK",""
"182","C:\Users\marcs\Videos\ImageDatabase\TTRPG-ImageDatabase\Images\d3dant5c7rjg1.jpeg","Fantasy; Weiblich; Erwachsen; Mensch","OK",""
"183","C:\Users\marcs\Videos\ImageDatabase\TTRPG-ImageDatabase\Images\d3sskij3vnxf1.jpeg","Space; Cyberpunk; Weiblich; Erwachsen; Drow","OK",""
"184","C:\Users\marcs\Videos\ImageDatabase\TTRPG-ImageDatabase\Images\dshnsjytx6jf1.jpeg","Fantasy; Weiblich; Erwachsen; Drow","OK",""
"185","C:\Users\marcs\Videos\ImageDatabase\TTRPG-ImageDatabase\Images\e5zd5op88snf1.png","Fantasy; Weiblich; Junger Erwachsener; Mensch","OK",""
"186","C:\Users\marcs\Videos\ImageDatabase\TTRPG-ImageDatabase\Images\f4let7mxuvuf1.jpeg","Fantasy; Weiblich; Erwachsen; Vampir","OK",""
"187","C:\Users\marcs\Videos\ImageDatabase\TTRPG-ImageDatabase\Images\f8faegolaljf1.jpeg","Fantasy; Männlich; Erwachsen; Mensch","OK",""
"188","C:\Users\marcs\Videos\ImageDatabase\TTRPG-ImageDatabase\Images\fcf2c3f788b6b54d2d3c70fcbca3cc48.jpeg","Fantasy; Weiblich; Erwachsen; Mensch","OK",""
"189","C:\Users\marcs\Videos\ImageDatabase\TTRPG-ImageDatabase\Images\fr6hdk963fjg1.jpeg","Fantasy; Weiblich; Erwachsen; Mensch","OK",""
"190","C:\Users\marcs\Videos\ImageDatabase\TTRPG-ImageDatabase\Images\h1q5cpk3semf1.jpeg","Fantasy; Weiblich; Erwachsen; Mensch","OK",""
"191","C:\Users\marcs\Videos\ImageDatabase\TTRPG-ImageDatabase\Images\HB7jvPDWYAANr_t.jpg (JPEG-Grafik_ 1560___1920 Pixel) - Skaliert (41_).jpeg","Fantasy; Männlich; Erwachsen; Elf","OK",""
"192","C:\Users\marcs\Videos\ImageDatabase\TTRPG-ImageDatabase\Images\HB7jx8HWsAAc5gD.jpg (JPEG-Grafik_ 1200___1200 Pixel) - Skaliert (66_).jpeg","Fantasy; Weiblich; Junger Erwachsener; Unbekannte Rasse","OK",""
"193","C:\Users\marcs\Videos\ImageDatabase\TTRPG-ImageDatabase\Images\HB7jx8KWgAAO9R0.jpg (JPEG-Grafik_ 900___1200 Pixel) - Skaliert (66_).jpeg","Fantasy; Weiblich; Erwachsen; Vampir","OK",""
"194","C:\Users\marcs\Videos\ImageDatabase\TTRPG-ImageDatabase\Images\HB7jx8QWwAAc-Wn.jpg (JPEG-Grafik_ 1200___1200 Pixel) - Skaliert (66_).jpeg","Fantasy; Weiblich; Erwachsen; Tiefling","OK",""
"195","C:\Users\marcs\Videos\ImageDatabase\TTRPG-ImageDatabase\Images\hh60jptxpwjg1.jpeg","Space; Cyberpunk; Geschlechtsneutral; Alter Unbekannt; Unbekannte Rasse","OK",""
"196","C:\Users\marcs\Videos\ImageDatabase\TTRPG-ImageDatabase\Images\illustration-and-ch-cover-of-an-elf-lady-from-my-dark-v0-m4e0w5d8lzfg1.png","Fantasy; Weiblich; Erwachsen; Tiefling","OK",""
"197","C:\Users\marcs\Videos\ImageDatabase\TTRPG-ImageDatabase\Images\im5c4k27mykf1.jpeg","Fantasy; Weiblich; Erwachsen; Mensch","OK",""
"198","C:\Users\marcs\Videos\ImageDatabase\TTRPG-ImageDatabase\Images\interrupted-studies-by-v0-ll34ogbn2n2g1.jpeg","Fantasy; Weiblich; Junger Erwachsener; Mensch","OK",""
"199","C:\Users\marcs\Videos\ImageDatabase\TTRPG-ImageDatabase\Images\iponysrs9cnf1.jpeg","Fantasy; Geschlechtsneutral; Alter Unbekannt; Fey","OK",""
"200","C:\Users\marcs\Videos\ImageDatabase\TTRPG-ImageDatabase\Images\iwy0im5flk4g1.jpeg","Fantasy; Weiblich; Erwachsen; Mensch","OK",""
"201","C:\Users\marcs\Videos\ImageDatabase\TTRPG-ImageDatabase\Images\j5cis5dgdowf1.jpeg","Fantasy; Weiblich; Junger Erwachsener; Mensch; Elf","OK",""
"202","C:\Users\marcs\Videos\ImageDatabase\TTRPG-ImageDatabase\Images\j767nmx2q9lg1.png","Fantasy; Weiblich; Erwachsen; Elf","OK",""
"203","C:\Users\marcs\Videos\ImageDatabase\TTRPG-ImageDatabase\Images\jay9mvhin03g1.jpeg","Fantasy; Weiblich; Erwachsen; Mensch","OK",""
"204","C:\Users\marcs\Videos\ImageDatabase\TTRPG-ImageDatabase\Images\jessica-jones-august-ref-sheet-2a.jpg (JPEG-Grafik_ 1300___1119 Pixel).undefined","Fantasy; Weiblich; Erwachsen; Mensch","FAILED","Ausnahme beim Aufrufen von ""SetKeywords"" mit 2 Argument(en):  ""Beim Aufruf einer COM-Komponente wurde ein HRESULT E_FAIL-Fehler zurückgegeben."""
"205","C:\Users\marcs\Videos\ImageDatabase\TTRPG-ImageDatabase\Images\jf55g4y36n3g1.jpeg","Fantasy; Weiblich; Erwachsen; Tiefling","OK",""
"206","C:\Users\marcs\Videos\ImageDatabase\TTRPG-ImageDatabase\Images\k0hxnet4zv3g1.jpeg","Fantasy; Weiblich; Erwachsen; Mensch","OK",""
"207","C:\Users\marcs\Videos\ImageDatabase\TTRPG-ImageDatabase\Images\kfdm6rdqdg4g1.jpeg","Fantasy; Weiblich; Erwachsen; Mensch","OK",""
"208","C:\Users\marcs\Videos\ImageDatabase\TTRPG-ImageDatabase\Images\li-wenda-4331d042-c779-4c57-acx-7b3b3c0d9e2c.jpeg","Space; Cyberpunk; Weiblich; Erwachsen; Mensch","OK",""
"209","C:\Users\marcs\Videos\ImageDatabase\TTRPG-ImageDatabase\Images\m3um3w23vc3g1.jpeg","Fantasy; Weiblich; Erwachsen; Harpie","OK",""
"210","C:\Users\marcs\Videos\ImageDatabase\TTRPG-ImageDatabase\Images\maria-pechenkina-hiraeth1.jpeg","Space; Cyberpunk; Weiblich; Erwachsen; Elf","OK",""
"211","C:\Users\marcs\Videos\ImageDatabase\TTRPG-ImageDatabase\Images\mvco1wbpjoxf1.png","Fantasy; Geschlechtsneutral; Jugendlich; Mensch","OK",""
"212","C:\Users\marcs\Videos\ImageDatabase\TTRPG-ImageDatabase\Images\n9jupey6304g1.jpeg","Fantasy; Männlich; Erwachsen; Elf","OK",""
"213","C:\Users\marcs\Videos\ImageDatabase\TTRPG-ImageDatabase\Images\naranbaatar-ganbold-saber-as.jpeg","Fantasy; Weiblich; Erwachsen; Mensch","OK",""
"214","C:\Users\marcs\Videos\ImageDatabase\TTRPG-ImageDatabase\Images\noir-dadda-adadx.jpeg","Fantasy; Weiblich; Erwachsen; Elf","OK",""
"215","C:\Users\marcs\Videos\ImageDatabase\TTRPG-ImageDatabase\Images\obmf8853dvhg1.jpeg","Space; Weiblich; Erwachsen; Mensch","OK",""
"216","C:\Users\marcs\Videos\ImageDatabase\TTRPG-ImageDatabase\Images\ouu2hhj7hbkf1.jpeg","Fantasy; Männlich; Erwachsen; Zwerg","OK",""
"217","C:\Users\marcs\Videos\ImageDatabase\TTRPG-ImageDatabase\Images\oxana-reshetina-grqzdkdxmaa8ybd.jpeg","Fantasy; Weiblich; Erwachsen; Tiefling","OK",""
"218","C:\Users\marcs\Videos\ImageDatabase\TTRPG-ImageDatabase\Images\paintings-by-raja-nandepu-v0-65cauyn8km3g1.jpeg","Fantasy; Weiblich; Erwachsen; Mensch","OK",""
"219","C:\Users\marcs\Videos\ImageDatabase\TTRPG-ImageDatabase\Images\paintings-by-raja-nandepu-v0-o6pimph6km3g1.jpeg","Fantasy; Männlich; Erwachsen; Mensch","OK",""
"220","C:\Users\marcs\Videos\ImageDatabase\TTRPG-ImageDatabase\Images\paintings-by-raja-nandepu-v0-z6llmmhbkm3g1.jpeg","Fantasy; Weiblich; Erwachsen; Mensch","OK",""
"221","C:\Users\marcs\Videos\ImageDatabase\TTRPG-ImageDatabase\Images\pawel-breshke-czyzewski-artist-template-blackrazor.jpg (JPEG-Grafik_ 1920___1080 Pixel) 1.undefined","Fantasy; Impressionen","FAILED","Ausnahme beim Aufrufen von ""SetKeywords"" mit 2 Argument(en):  ""Beim Aufruf einer COM-Komponente wurde ein HRESULT E_FAIL-Fehler zurückgegeben."""
"222","C:\Users\marcs\Videos\ImageDatabase\TTRPG-ImageDatabase\Images\pawel-breshke-czyzewski-artist-template-blackrazor.jpg (JPEG-Grafik_ 1920___1080 Pixel).undefined","Fantasy; Impressionen","FAILED","Ausnahme beim Aufrufen von ""SetKeywords"" mit 2 Argument(en):  ""Beim Aufruf einer COM-Komponente wurde ein HRESULT E_FAIL-Fehler zurückgegeben."""
"223","C:\Users\marcs\Videos\ImageDatabase\TTRPG-ImageDatabase\Images\pm9ekt8tokfa1.jpeg","Fantasy; Weiblich; Erwachsen; Tiefling","OK",""
"224","C:\Users\marcs\Videos\ImageDatabase\TTRPG-ImageDatabase\Images\putawtrmso4a1.jpeg","Fantasy; Weiblich; Erwachsen; Elf","OK",""
"225","C:\Users\marcs\Videos\ImageDatabase\TTRPG-ImageDatabase\Images\Rachel Denton _ (_Tallinier) _ X 1.jpeg","Fantasy; Weiblich; Erwachsen; Mensch","OK",""
"226","C:\Users\marcs\Videos\ImageDatabase\TTRPG-ImageDatabase\Images\Rachel Denton _ (_Tallinier) _ X 10.jpeg","Fantasy; Weiblich; Erwachsen; Mensch","OK",""
"227","C:\Users\marcs\Videos\ImageDatabase\TTRPG-ImageDatabase\Images\Rachel Denton _ (_Tallinier) _ X 11.jpeg","Fantasy; Männlich; Erwachsen; Elf","OK",""
"228","C:\Users\marcs\Videos\ImageDatabase\TTRPG-ImageDatabase\Images\Rachel Denton _ (_Tallinier) _ X 12.jpeg","Fantasy; Männlich; Erwachsen; Mensch","OK",""
"229","C:\Users\marcs\Videos\ImageDatabase\TTRPG-ImageDatabase\Images\Rachel Denton _ (_Tallinier) _ X 13.jpeg","Fantasy; Weiblich; Erwachsen; Mensch","OK",""
"230","C:\Users\marcs\Videos\ImageDatabase\TTRPG-ImageDatabase\Images\Rachel Denton _ (_Tallinier) _ X 14.jpeg","Fantasy; Weiblich; Erwachsen; Drow","OK",""
"231","C:\Users\marcs\Videos\ImageDatabase\TTRPG-ImageDatabase\Images\Rachel Denton _ (_Tallinier) _ X 15.jpeg","Fantasy; Weiblich; Erwachsen; Mensch","OK",""
"232","C:\Users\marcs\Videos\ImageDatabase\TTRPG-ImageDatabase\Images\Rachel Denton _ (_Tallinier) _ X 2.jpeg","Fantasy; Weiblich; Erwachsen; Tiefling","OK",""
"233","C:\Users\marcs\Videos\ImageDatabase\TTRPG-ImageDatabase\Images\Rachel Denton _ (_Tallinier) _ X 4.jpeg","Fantasy; Männlich; Erwachsen; Mensch","OK",""
"234","C:\Users\marcs\Videos\ImageDatabase\TTRPG-ImageDatabase\Images\Rachel Denton _ (_Tallinier) _ X 5.jpeg","Fantasy; Männlich; Erwachsen; Mensch","OK",""
"235","C:\Users\marcs\Videos\ImageDatabase\TTRPG-ImageDatabase\Images\Rachel Denton _ (_Tallinier) _ X 7.jpeg","Fantasy; Männlich; Erwachsen; Tiefling","OK",""
"236","C:\Users\marcs\Videos\ImageDatabase\TTRPG-ImageDatabase\Images\Rachel Denton _ (_Tallinier) _ X 8.jpeg","Fantasy; Weiblich; Erwachsen; Mensch","OK",""
"237","C:\Users\marcs\Videos\ImageDatabase\TTRPG-ImageDatabase\Images\Rachel Denton _ (_Tallinier) _ X 9.jpeg","Fantasy; Männlich; Erwachsen; Mensch","OK",""
"238","C:\Users\marcs\Videos\ImageDatabase\TTRPG-ImageDatabase\Images\Rachel Denton _ (_Tallinier) _ X.jpeg","Fantasy; Weiblich; Erwachsen; Drow","OK",""
"239","C:\Users\marcs\Videos\ImageDatabase\TTRPG-ImageDatabase\Images\Rachel Denton _ auf X_ _A Tiefling named Kindle for a commissioner_ I always love painting tiefs __ https___t.co_SRd2qKKGEm_ _ X.jpeg","Fantasy; Männlich; Erwachsen; Tiefling","OK",""
"240","C:\Users\marcs\Videos\ImageDatabase\TTRPG-ImageDatabase\Images\rellana__twin_moon_knight_by_captnbirb_dkcw0z4-414w-2x.jpeg","Fantasy; Weiblich; Erwachsen; Mensch","OK",""
"241","C:\Users\marcs\Videos\ImageDatabase\TTRPG-ImageDatabase\Images\royal-nine- 1.jpeg","Fantasy; Weiblich; Erwachsen; Mensch","OK",""
"242","C:\Users\marcs\Videos\ImageDatabase\TTRPG-ImageDatabase\Images\royal-nine- 2.jpeg","Fantasy; Weiblich; Erwachsen; Mensch","OK",""
"243","C:\Users\marcs\Videos\ImageDatabase\TTRPG-ImageDatabase\Images\royal-nine- 3.jpeg","Fantasy; Weiblich; Erwachsen; Mensch","OK",""
"244","C:\Users\marcs\Videos\ImageDatabase\TTRPG-ImageDatabase\Images\royal-nine- 4.jpeg","Fantasy; Weiblich; Erwachsen; Elf; Wasserdinge","OK",""
"245","C:\Users\marcs\Videos\ImageDatabase\TTRPG-ImageDatabase\Images\royal-nine- 5.jpeg","Fantasy; Weiblich; Erwachsen; Mensch","OK",""
"246","C:\Users\marcs\Videos\ImageDatabase\TTRPG-ImageDatabase\Images\royal-nine- 6.jpeg","Fantasy; Weiblich; Erwachsen; Drow","OK",""
"247","C:\Users\marcs\Videos\ImageDatabase\TTRPG-ImageDatabase\Images\royal-nine- 7.jpeg","Fantasy; Weiblich; Erwachsen; Mensch","OK",""
"248","C:\Users\marcs\Videos\ImageDatabase\TTRPG-ImageDatabase\Images\royal-nine- 8.jpeg","Fantasy; Weiblich; Erwachsen; Mensch","OK",""
"249","C:\Users\marcs\Videos\ImageDatabase\TTRPG-ImageDatabase\Images\royal-nine-.jpeg","Fantasy; Impressionen","OK",""
"250","C:\Users\marcs\Videos\ImageDatabase\TTRPG-ImageDatabase\Images\royal-nine-1 1.jpeg","Fantasy; Weiblich; Erwachsen; Mensch","OK",""
"251","C:\Users\marcs\Videos\ImageDatabase\TTRPG-ImageDatabase\Images\royal-nine-1.jpeg","Fantasy; Männlich; Erwachsen; Mensch","OK",""
"252","C:\Users\marcs\Videos\ImageDatabase\TTRPG-ImageDatabase\Images\royal-nine-2.jpeg","Fantasy; Weiblich; Erwachsen; Mensch","OK",""
"253","C:\Users\marcs\Videos\ImageDatabase\TTRPG-ImageDatabase\Images\royal-nine-3.webp","Fantasy; Weiblich; Erwachsen; Mensch","FAILED","Ausnahme beim Aufrufen von ""SetKeywords"" mit 2 Argument(en):  ""Fehler bei der Komponenteninitialisierung. (Ausnahme von HRESULT: 0x88982F8B)"""
"254","C:\Users\marcs\Videos\ImageDatabase\TTRPG-ImageDatabase\Images\rprz6544mr1g1.jpeg","Space; Weiblich; Erwachsen; Elf","OK",""
"255","C:\Users\marcs\Videos\ImageDatabase\TTRPG-ImageDatabase\Images\rrleno5eha0g1.jpeg","Fantasy; Weiblich; Erwachsen; Mensch","OK",""
"256","C:\Users\marcs\Videos\ImageDatabase\TTRPG-ImageDatabase\Images\rumzu42v390g1.jpeg","Fantasy; Weiblich; Erwachsen; Elf","OK",""
"257","C:\Users\marcs\Videos\ImageDatabase\TTRPG-ImageDatabase\Images\rw8x2k666cnf1.jpeg","Fantasy; Weiblich; Erwachsen; Mensch","OK",""
"258","C:\Users\marcs\Videos\ImageDatabase\TTRPG-ImageDatabase\Images\s4dtoaheyg3g1.jpeg","Fantasy; Männlich; Alt; Mensch","OK",""
"259","C:\Users\marcs\Videos\ImageDatabase\TTRPG-ImageDatabase\Images\sam-brooks-femalecharacterredo.jpeg","Fantasy; Weiblich; Erwachsen; Mensch","OK",""
"260","C:\Users\marcs\Videos\ImageDatabase\TTRPG-ImageDatabase\Images\simon-wu-d52cea7d5d97aa9fa6d3fa55864bea53.jpeg","Space; Cyberpunk; Weiblich; Erwachsen; Mensch","OK",""
"261","C:\Users\marcs\Videos\ImageDatabase\TTRPG-ImageDatabase\Images\sketches-by-wang-xiao-v0-er44skbgv0jf1.jpeg","Fantasy; Weiblich; Erwachsen; Mensch","OK",""
"262","C:\Users\marcs\Videos\ImageDatabase\TTRPG-ImageDatabase\Images\sketches-by-wang-xiao-v0-iv1by2kfv0jf1.jpeg","Fantasy; Männlich; Erwachsen; Mensch","OK",""
"263","C:\Users\marcs\Videos\ImageDatabase\TTRPG-ImageDatabase\Images\sloth-being-204147199-1782888635246720-4378528716289064706-n.jpeg","Fantasy; Weiblich; Erwachsen; Elf","OK",""
"264","C:\Users\marcs\Videos\ImageDatabase\TTRPG-ImageDatabase\Images\sloth-being-fixed.jpeg","Fantasy; Männlich; Erwachsen; Mensch","OK",""
"265","C:\Users\marcs\Videos\ImageDatabase\TTRPG-ImageDatabase\Images\sloth-being-study-1.jpeg","Fantasy; Weiblich; Erwachsen; Elf","OK",""
"266","C:\Users\marcs\Videos\ImageDatabase\TTRPG-ImageDatabase\Images\sloth-being-untitled-1-copy-5.jpeg","Fantasy; Weiblich; Erwachsen; Mensch","OK",""
"267","C:\Users\marcs\Videos\ImageDatabase\TTRPG-ImageDatabase\Images\t9zz36jw8nlg1.png","Fantasy; Weiblich; Erwachsen; Drow","OK",""
"268","C:\Users\marcs\Videos\ImageDatabase\TTRPG-ImageDatabase\Images\ttwhsibf46uf1.png","Fantasy; Weiblich; Junger Erwachsener; Elf","OK",""
"269","C:\Users\marcs\Videos\ImageDatabase\TTRPG-ImageDatabase\Images\ugdcnqtzt2wf1.jpeg","Fantasy; Weiblich; Erwachsen; Elf","OK",""
"270","C:\Users\marcs\Videos\ImageDatabase\TTRPG-ImageDatabase\Images\v8vrykbi0enf1.jpeg","Fantasy; Weiblich; Erwachsen; Drow","OK",""
"271","C:\Users\marcs\Videos\ImageDatabase\TTRPG-ImageDatabase\Images\vala-maelstrom-ally-and-cyberpsycho-netrunner-v0-6luiv8g5x8kg1.png","Space; Cyberpunk; Weiblich; Junger Erwachsener; Mensch","OK",""
"272","C:\Users\marcs\Videos\ImageDatabase\TTRPG-ImageDatabase\Images\vala-maelstrom-ally-and-cyberpsycho-netrunner-v0-nhwrt8g5x8kg1.png","Space; Cyberpunk; Weiblich; Junger Erwachsener; Mensch","OK",""
"273","C:\Users\marcs\Videos\ImageDatabase\TTRPG-ImageDatabase\Images\vala-maelstrom-ally-and-cyberpsycho-netrunner-v0-r6jsd9g5x8kg1.png","Space; Cyberpunk; Weiblich; Junger Erwachsener; Mensch","OK",""
"274","C:\Users\marcs\Videos\ImageDatabase\TTRPG-ImageDatabase\Images\vala-maelstrom-ally-and-cyberpsycho-netrunner-v0-w89e69g5x8kg1.png","Space; Cyberpunk; Weiblich; Junger Erwachsener; Mensch","OK",""
"275","C:\Users\marcs\Videos\ImageDatabase\TTRPG-ImageDatabase\Images\viajenglobo-83woaBK9_SghCN8eq_LF_-af270e5d-0c47-4f09-a696-5934ce828e68.jpeg","Space; Cyberpunk; Weiblich; Erwachsen; Mensch","OK",""
"276","C:\Users\marcs\Videos\ImageDatabase\TTRPG-ImageDatabase\Images\vjpgwlxgqx3g1.png","Fantasy; Weiblich; Erwachsen; Mensch","OK",""
"277","C:\Users\marcs\Videos\ImageDatabase\TTRPG-ImageDatabase\Images\vtm-character-art-by-me-a-gangrel-v0-n8r1u01azpqf1.jpeg","Fantasy; Weiblich; Erwachsen; Vampir","OK",""
"278","C:\Users\marcs\Videos\ImageDatabase\TTRPG-ImageDatabase\Images\vtm-character-art-by-me-a-toreador-v0-ntsjir6gy9mf1.jpeg","Fantasy; Weiblich; Erwachsen; Vampir","OK",""
"279","C:\Users\marcs\Videos\ImageDatabase\TTRPG-ImageDatabase\Images\wang-yuan-lin-1.jpeg","Fantasy; Weiblich; Erwachsen; Tiefling","OK",""
"280","C:\Users\marcs\Videos\ImageDatabase\TTRPG-ImageDatabase\Images\wu-sihui-img-20200219-004104-974.jpeg","Space; Cyberpunk; Impressionen","OK",""
"281","C:\Users\marcs\Videos\ImageDatabase\TTRPG-ImageDatabase\Images\X 1000.jpeg","Fantasy; Weiblich; Erwachsen; Mensch","OK",""
"282","C:\Users\marcs\Videos\ImageDatabase\TTRPG-ImageDatabase\Images\X 1001.jpeg","Fantasy; Weiblich; Junger Erwachsener; Elf","OK",""
"283","C:\Users\marcs\Videos\ImageDatabase\TTRPG-ImageDatabase\Images\X 1002.jpeg","Fantasy; Weiblich; Erwachsen; Vampir","OK",""
"284","C:\Users\marcs\Videos\ImageDatabase\TTRPG-ImageDatabase\Images\X 1003.jpeg","Fantasy; Weiblich; Junger Erwachsener; Mensch","OK",""
"285","C:\Users\marcs\Videos\ImageDatabase\TTRPG-ImageDatabase\Images\X 1004.jpeg","Space; Cyberpunk; Weiblich; Erwachsen; Mensch","OK",""
"286","C:\Users\marcs\Videos\ImageDatabase\TTRPG-ImageDatabase\Images\X 1005.jpeg","Fantasy; Weiblich; Erwachsen; Mensch","OK",""
"287","C:\Users\marcs\Videos\ImageDatabase\TTRPG-ImageDatabase\Images\X 1006.jpeg","Fantasy; Weiblich; Erwachsen; Mensch","OK",""
"288","C:\Users\marcs\Videos\ImageDatabase\TTRPG-ImageDatabase\Images\X 1007.jpeg","Fantasy; Weiblich; Erwachsen; Vampir","OK",""
"289","C:\Users\marcs\Videos\ImageDatabase\TTRPG-ImageDatabase\Images\X 1008.jpeg","Fantasy; Weiblich; Erwachsen; Drow","OK",""
"290","C:\Users\marcs\Videos\ImageDatabase\TTRPG-ImageDatabase\Images\X 1009.jpeg","Fantasy; Weiblich; Erwachsen; Vampir","OK",""
"291","C:\Users\marcs\Videos\ImageDatabase\TTRPG-ImageDatabase\Images\X 1010.jpeg","Fantasy; Weiblich; Erwachsen; Vampir","OK",""
"292","C:\Users\marcs\Videos\ImageDatabase\TTRPG-ImageDatabase\Images\X 1011.jpeg","Fantasy; Weiblich; Erwachsen; Mensch","OK",""
"293","C:\Users\marcs\Videos\ImageDatabase\TTRPG-ImageDatabase\Images\X 1012.jpeg","Fantasy; Weiblich; Junger Erwachsener; Mensch","OK",""
"294","C:\Users\marcs\Videos\ImageDatabase\TTRPG-ImageDatabase\Images\X 1013.jpeg","Fantasy; Weiblich; Erwachsen; Mensch","OK",""
"295","C:\Users\marcs\Videos\ImageDatabase\TTRPG-ImageDatabase\Images\X 1014.jpeg","Fantasy; Weiblich; Erwachsen; Mensch","OK",""
"296","C:\Users\marcs\Videos\ImageDatabase\TTRPG-ImageDatabase\Images\X 1015.jpeg","Fantasy; Weiblich; Erwachsen; Mensch","OK",""
"297","C:\Users\marcs\Videos\ImageDatabase\TTRPG-ImageDatabase\Images\X 1016.jpeg","Fantasy; Weiblich; Erwachsen; Vampir","OK",""
"298","C:\Users\marcs\Videos\ImageDatabase\TTRPG-ImageDatabase\Images\X 1017.jpeg","Fantasy; Weiblich; Junger Erwachsener; Elf","OK",""
"299","C:\Users\marcs\Videos\ImageDatabase\TTRPG-ImageDatabase\Images\X 1018.jpeg","Fantasy; Weiblich; Erwachsen; Fey","OK",""
"300","C:\Users\marcs\Videos\ImageDatabase\TTRPG-ImageDatabase\Images\X 1019.jpeg","Space; Cyberpunk; Weiblich; Erwachsen; Mensch","OK",""
"301","C:\Users\marcs\Videos\ImageDatabase\TTRPG-ImageDatabase\Images\X 1020.jpeg","Fantasy; Weiblich; Erwachsen; Tiefling","OK",""
"302","C:\Users\marcs\Videos\ImageDatabase\TTRPG-ImageDatabase\Images\X 1021.jpeg","Fantasy; Weiblich; Erwachsen; Tiefling","OK",""
"303","C:\Users\marcs\Videos\ImageDatabase\TTRPG-ImageDatabase\Images\X 1022.jpeg","Space; Cyberpunk; Weiblich; Erwachsen; Drow","OK",""
"304","C:\Users\marcs\Videos\ImageDatabase\TTRPG-ImageDatabase\Images\X 1023.jpeg","Fantasy; Weiblich; Erwachsen; Elf","OK",""
"305","C:\Users\marcs\Videos\ImageDatabase\TTRPG-ImageDatabase\Images\X 1024.jpeg","Space; Cyberpunk; Männlich; Erwachsen; Mensch","OK",""
"306","C:\Users\marcs\Videos\ImageDatabase\TTRPG-ImageDatabase\Images\X 1025.jpeg","Fantasy; Weiblich; Junger Erwachsener; Tiefling","OK",""
"307","C:\Users\marcs\Videos\ImageDatabase\TTRPG-ImageDatabase\Images\X 1026.jpeg","Fantasy; Weiblich; Erwachsen; Drow","OK",""
"308","C:\Users\marcs\Videos\ImageDatabase\TTRPG-ImageDatabase\Images\X 1027.jpeg","Fantasy; Weiblich; Erwachsen; Mensch","OK",""
"309","C:\Users\marcs\Videos\ImageDatabase\TTRPG-ImageDatabase\Images\X 1028.jpeg","Fantasy; Weiblich; Erwachsen; Mensch","OK",""
"310","C:\Users\marcs\Videos\ImageDatabase\TTRPG-ImageDatabase\Images\X 1029.jpeg","Fantasy; Weiblich; Erwachsen; Elf","OK",""
"311","C:\Users\marcs\Videos\ImageDatabase\TTRPG-ImageDatabase\Images\X 1030.jpeg","Fantasy; Weiblich; Erwachsen; Drow","OK",""
"312","C:\Users\marcs\Videos\ImageDatabase\TTRPG-ImageDatabase\Images\X 1031.jpeg","Fantasy; Weiblich; Erwachsen; Vampir","OK",""
"313","C:\Users\marcs\Videos\ImageDatabase\TTRPG-ImageDatabase\Images\X 1032.jpeg","Fantasy; Weiblich; Erwachsen; Drow","OK",""
"314","C:\Users\marcs\Videos\ImageDatabase\TTRPG-ImageDatabase\Images\X 1033.jpeg","Fantasy; Weiblich; Erwachsen; Drow","OK",""
"315","C:\Users\marcs\Videos\ImageDatabase\TTRPG-ImageDatabase\Images\X 1034.jpeg","Fantasy; Weiblich; Junger Erwachsener; Fey","OK",""
"316","C:\Users\marcs\Videos\ImageDatabase\TTRPG-ImageDatabase\Images\X 1035.jpeg","Fantasy; Weiblich; Junger Erwachsener; Elf","OK",""
"317","C:\Users\marcs\Videos\ImageDatabase\TTRPG-ImageDatabase\Images\X 1036.jpeg","Fantasy; Weiblich; Erwachsen; Mensch","OK",""
"318","C:\Users\marcs\Videos\ImageDatabase\TTRPG-ImageDatabase\Images\X 1037.jpeg","Fantasy; Weiblich; Erwachsen; Mensch","OK",""
"319","C:\Users\marcs\Videos\ImageDatabase\TTRPG-ImageDatabase\Images\X 1038.jpeg","Fantasy; Weiblich; Erwachsen; Mensch","OK",""
"320","C:\Users\marcs\Videos\ImageDatabase\TTRPG-ImageDatabase\Images\X 1039.jpeg","Fantasy; Steampunk; Weiblich; Erwachsen; Mensch","OK",""
"321","C:\Users\marcs\Videos\ImageDatabase\TTRPG-ImageDatabase\Images\X 1040.jpeg","Space; Cyberpunk; Weiblich; Erwachsen; Mensch","OK",""
"322","C:\Users\marcs\Videos\ImageDatabase\TTRPG-ImageDatabase\Images\X 1041.jpeg","Space; Cyberpunk; Weiblich; Erwachsen; Mensch","OK",""
"323","C:\Users\marcs\Videos\ImageDatabase\TTRPG-ImageDatabase\Images\X 1042.jpeg","Fantasy; Weiblich; Erwachsen; Mensch","OK",""
"324","C:\Users\marcs\Videos\ImageDatabase\TTRPG-ImageDatabase\Images\X 1043.jpeg","Space; Cyberpunk; Weiblich; Erwachsen; Elf","OK",""
"325","C:\Users\marcs\Videos\ImageDatabase\TTRPG-ImageDatabase\Images\X 1044.jpeg","Fantasy; Männlich; Erwachsen; Mensch","OK",""
"326","C:\Users\marcs\Videos\ImageDatabase\TTRPG-ImageDatabase\Images\X 1045.jpeg","Fantasy; Weiblich; Junger Erwachsener; Elf","OK",""
"327","C:\Users\marcs\Videos\ImageDatabase\TTRPG-ImageDatabase\Images\X 1046.jpeg","Fantasy; Männlich; Erwachsen; Elf","OK",""
"328","C:\Users\marcs\Videos\ImageDatabase\TTRPG-ImageDatabase\Images\X 1047.jpeg","Fantasy; Weiblich; Erwachsen; Drow","OK",""
"329","C:\Users\marcs\Videos\ImageDatabase\TTRPG-ImageDatabase\Images\X 1048.jpeg","Fantasy; Männlich; Erwachsen; Drow","OK",""
"330","C:\Users\marcs\Videos\ImageDatabase\TTRPG-ImageDatabase\Images\X 1049.jpeg","Space; Cyberpunk; Weiblich; Erwachsen; Mensch","OK",""
"331","C:\Users\marcs\Videos\ImageDatabase\TTRPG-ImageDatabase\Images\X 1050.jpeg","Fantasy; Weiblich; Erwachsen; Mensch","OK",""
"332","C:\Users\marcs\Videos\ImageDatabase\TTRPG-ImageDatabase\Images\X 1051.jpeg","Fantasy; Weiblich; Erwachsen; Elf","OK",""
"333","C:\Users\marcs\Videos\ImageDatabase\TTRPG-ImageDatabase\Images\X 1052.jpeg","Fantasy; Männlich; Erwachsen; Drow","OK",""
"334","C:\Users\marcs\Videos\ImageDatabase\TTRPG-ImageDatabase\Images\X 1053.jpeg","Fantasy; Weiblich; Erwachsen; Mensch","OK",""
"335","C:\Users\marcs\Videos\ImageDatabase\TTRPG-ImageDatabase\Images\X 1054.jpeg","Fantasy; Weiblich; Erwachsen; Tiefling","OK",""
"336","C:\Users\marcs\Videos\ImageDatabase\TTRPG-ImageDatabase\Images\X 1055.jpeg","Fantasy; Weiblich; Junger Erwachsener; Tiefling","OK",""
"337","C:\Users\marcs\Videos\ImageDatabase\TTRPG-ImageDatabase\Images\X 1056.jpeg","Fantasy; Weiblich; Erwachsen; Drow","OK",""
"338","C:\Users\marcs\Videos\ImageDatabase\TTRPG-ImageDatabase\Images\X 1057.jpeg","Fantasy; Weiblich; Erwachsen; Elf","OK",""
"339","C:\Users\marcs\Videos\ImageDatabase\TTRPG-ImageDatabase\Images\X 1058.jpeg","Fantasy; Männlich; Erwachsen; Mensch","OK",""
"340","C:\Users\marcs\Videos\ImageDatabase\TTRPG-ImageDatabase\Images\X 1059.jpeg","Fantasy; Weiblich; Erwachsen; Mensch","OK",""
"341","C:\Users\marcs\Videos\ImageDatabase\TTRPG-ImageDatabase\Images\X 1060.jpeg","Fantasy; Männlich; Erwachsen; Drow","OK",""
"342","C:\Users\marcs\Videos\ImageDatabase\TTRPG-ImageDatabase\Images\X 1061.jpeg","Fantasy; Weiblich; Erwachsen; Drow","OK",""
"343","C:\Users\marcs\Videos\ImageDatabase\TTRPG-ImageDatabase\Images\X 1062.jpeg","Fantasy; Weiblich; Männlich; Erwachsen; Kind; Drow","OK",""
"344","C:\Users\marcs\Videos\ImageDatabase\TTRPG-ImageDatabase\Images\X 1063.jpeg","Space; Cyberpunk; Weiblich; Junger Erwachsener; Elf","OK",""
"345","C:\Users\marcs\Videos\ImageDatabase\TTRPG-ImageDatabase\Images\X 1064.jpeg","Fantasy; Weiblich; Erwachsen; Elf","OK",""
"346","C:\Users\marcs\Videos\ImageDatabase\TTRPG-ImageDatabase\Images\X 1065.jpeg","Fantasy; Weiblich; Erwachsen; Mensch","OK",""
"347","C:\Users\marcs\Videos\ImageDatabase\TTRPG-ImageDatabase\Images\X 1066.jpeg","Fantasy; Weiblich; Erwachsen; Drow","OK",""
"348","C:\Users\marcs\Videos\ImageDatabase\TTRPG-ImageDatabase\Images\X 1067.jpeg","Fantasy; Männlich; Erwachsen; Drow","OK",""
"349","C:\Users\marcs\Videos\ImageDatabase\TTRPG-ImageDatabase\Images\X 1068.jpeg","Fantasy; Weiblich; Erwachsen; Vampir","OK",""
"350","C:\Users\marcs\Videos\ImageDatabase\TTRPG-ImageDatabase\Images\X 1069.jpeg","Fantasy; Weiblich; Erwachsen; Drow","OK",""
"351","C:\Users\marcs\Videos\ImageDatabase\TTRPG-ImageDatabase\Images\X 1070.jpeg","Fantasy; Weiblich; Erwachsen; Mensch","OK",""
"352","C:\Users\marcs\Videos\ImageDatabase\TTRPG-ImageDatabase\Images\X 1071.jpeg","Fantasy; Weiblich; Erwachsen; Drow","OK",""
"353","C:\Users\marcs\Videos\ImageDatabase\TTRPG-ImageDatabase\Images\X 1072.jpeg","Fantasy; Männlich; Junger Erwachsener; Elf","OK",""
"354","C:\Users\marcs\Videos\ImageDatabase\TTRPG-ImageDatabase\Images\X 1073.jpeg","Fantasy; Weiblich; Erwachsen; Drow","OK",""
"355","C:\Users\marcs\Videos\ImageDatabase\TTRPG-ImageDatabase\Images\X 1074.jpeg","Fantasy; Männlich; Erwachsen; Mensch","OK",""
"356","C:\Users\marcs\Videos\ImageDatabase\TTRPG-ImageDatabase\Images\X 1075.jpeg","Space; Cyberpunk; Weiblich; Junger Erwachsener; Mensch","OK",""
"357","C:\Users\marcs\Videos\ImageDatabase\TTRPG-ImageDatabase\Images\X 1076.jpeg","Fantasy; Weiblich; Erwachsen; Mensch","OK",""
"358","C:\Users\marcs\Videos\ImageDatabase\TTRPG-ImageDatabase\Images\X 1077.jpeg","Fantasy; Weiblich; Erwachsen; Drow","OK",""
"359","C:\Users\marcs\Videos\ImageDatabase\TTRPG-ImageDatabase\Images\X 1078.jpeg","Fantasy; Weiblich; Erwachsen; Mensch","OK",""
"360","C:\Users\marcs\Videos\ImageDatabase\TTRPG-ImageDatabase\Images\X 1079.jpeg","Space; Cyberpunk; Weiblich; Erwachsen; Mensch","OK",""
"361","C:\Users\marcs\Videos\ImageDatabase\TTRPG-ImageDatabase\Images\X 1080.jpeg","Fantasy; Weiblich; Erwachsen; Mensch","OK",""
"362","C:\Users\marcs\Videos\ImageDatabase\TTRPG-ImageDatabase\Images\X 1081.jpeg","Fantasy; Weiblich; Erwachsen; Mensch","OK",""
"363","C:\Users\marcs\Videos\ImageDatabase\TTRPG-ImageDatabase\Images\X 1082.jpeg","Fantasy; Weiblich; Erwachsen; Tiefling","OK",""
"364","C:\Users\marcs\Videos\ImageDatabase\TTRPG-ImageDatabase\Images\X 1083.jpeg","Fantasy; Weiblich; Erwachsen; Tiefling","OK",""
"365","C:\Users\marcs\Videos\ImageDatabase\TTRPG-ImageDatabase\Images\X 1084.jpeg","Fantasy; Weiblich; Erwachsen; Mensch","OK",""
"366","C:\Users\marcs\Videos\ImageDatabase\TTRPG-ImageDatabase\Images\X 1085.jpeg","Fantasy; Weiblich; Erwachsen; Fey","OK",""
"367","C:\Users\marcs\Videos\ImageDatabase\TTRPG-ImageDatabase\Images\X 1086.jpeg","Fantasy; Weiblich; Erwachsen; Drow","OK",""
"368","C:\Users\marcs\Videos\ImageDatabase\TTRPG-ImageDatabase\Images\X 1087.jpeg","Fantasy; Weiblich; Erwachsen; Mensch","OK",""
"369","C:\Users\marcs\Videos\ImageDatabase\TTRPG-ImageDatabase\Images\X 1088.jpeg","Fantasy; Weiblich; Erwachsen; Mensch","OK",""
"370","C:\Users\marcs\Videos\ImageDatabase\TTRPG-ImageDatabase\Images\X 1089.jpeg","Fantasy; Weiblich; Erwachsen; Mensch; Elf","OK",""
"371","C:\Users\marcs\Videos\ImageDatabase\TTRPG-ImageDatabase\Images\X 1090.jpeg","Fantasy; Weiblich; Erwachsen; Mensch","OK",""
"372","C:\Users\marcs\Videos\ImageDatabase\TTRPG-ImageDatabase\Images\X 1091.jpeg","Fantasy; Weiblich; Erwachsen; Mensch","OK",""
"373","C:\Users\marcs\Videos\ImageDatabase\TTRPG-ImageDatabase\Images\X 1092.jpeg","Fantasy; Weiblich; Erwachsen; Drow","OK",""
"374","C:\Users\marcs\Videos\ImageDatabase\TTRPG-ImageDatabase\Images\X 1093.jpeg","Fantasy; Weiblich; Erwachsen; Mensch","OK",""
"375","C:\Users\marcs\Videos\ImageDatabase\TTRPG-ImageDatabase\Images\X 1094.jpeg","Fantasy; Weiblich; Junger Erwachsener; Mensch","OK",""
"376","C:\Users\marcs\Videos\ImageDatabase\TTRPG-ImageDatabase\Images\X 1095.jpeg","Fantasy; Weiblich; Erwachsen; Tiefling","OK",""
"377","C:\Users\marcs\Videos\ImageDatabase\TTRPG-ImageDatabase\Images\X 1096.jpeg","Fantasy; Weiblich; Erwachsen; Drow","OK",""
"378","C:\Users\marcs\Videos\ImageDatabase\TTRPG-ImageDatabase\Images\X 1097.jpeg","Fantasy; Weiblich; Jugendlich; Unbekannte Rasse","OK",""
"379","C:\Users\marcs\Videos\ImageDatabase\TTRPG-ImageDatabase\Images\X 1098.jpeg","Fantasy; Weiblich; Erwachsen; Tiefling","OK",""
"380","C:\Users\marcs\Videos\ImageDatabase\TTRPG-ImageDatabase\Images\X 1099.jpeg","Fantasy; Weiblich; Erwachsen; Wasserdinge; Unbekannte Rasse","OK",""
"381","C:\Users\marcs\Videos\ImageDatabase\TTRPG-ImageDatabase\Images\X 1100.jpeg","Fantasy; Weiblich; Erwachsen; Elf; Wasserdinge","OK",""
"382","C:\Users\marcs\Videos\ImageDatabase\TTRPG-ImageDatabase\Images\X 1101.jpeg","Fantasy; Weiblich; Erwachsen; Drow","OK",""
"383","C:\Users\marcs\Videos\ImageDatabase\TTRPG-ImageDatabase\Images\X 1102.jpeg","Fantasy; Weiblich; Erwachsen; Unbekannte Rasse","OK",""
"384","C:\Users\marcs\Videos\ImageDatabase\TTRPG-ImageDatabase\Images\X 1103.jpeg","Fantasy; Weiblich; Erwachsen; Vampir","OK",""
"385","C:\Users\marcs\Videos\ImageDatabase\TTRPG-ImageDatabase\Images\X 1104.jpeg","Fantasy; Weiblich; Erwachsen; Unbekannte Rasse","OK",""
"386","C:\Users\marcs\Videos\ImageDatabase\TTRPG-ImageDatabase\Images\X 1105.jpeg","Fantasy; Weiblich; Erwachsen; Mensch","OK",""
"387","C:\Users\marcs\Videos\ImageDatabase\TTRPG-ImageDatabase\Images\X 1106.jpeg","Fantasy; Männlich; Erwachsen; Mensch","OK",""
"388","C:\Users\marcs\Videos\ImageDatabase\TTRPG-ImageDatabase\Images\X 1107.jpeg","Fantasy; Männlich; Erwachsen; Drow","OK",""
"389","C:\Users\marcs\Videos\ImageDatabase\TTRPG-ImageDatabase\Images\X 1108.jpeg","Fantasy; Männlich; Erwachsen; Mensch","OK",""
"390","C:\Users\marcs\Videos\ImageDatabase\TTRPG-ImageDatabase\Images\X 1109.jpeg","Space; Cyberpunk; Weiblich; Junger Erwachsener; Mensch","OK",""
"391","C:\Users\marcs\Videos\ImageDatabase\TTRPG-ImageDatabase\Images\X 1110.jpeg","Fantasy; Weiblich; Erwachsen; Mensch","OK",""
"392","C:\Users\marcs\Videos\ImageDatabase\TTRPG-ImageDatabase\Images\X 1111.jpeg","Fantasy; Weiblich; Erwachsen; Mensch","OK",""
"393","C:\Users\marcs\Videos\ImageDatabase\TTRPG-ImageDatabase\Images\X 1112.jpeg","Fantasy; Weiblich; Erwachsen; Mensch","OK",""
"394","C:\Users\marcs\Videos\ImageDatabase\TTRPG-ImageDatabase\Images\X 1113.jpeg","Fantasy; Weiblich; Erwachsen; Mensch","OK",""
"395","C:\Users\marcs\Videos\ImageDatabase\TTRPG-ImageDatabase\Images\X 1114.jpeg","Fantasy; Weiblich; Erwachsen; Mensch","OK",""
"396","C:\Users\marcs\Videos\ImageDatabase\TTRPG-ImageDatabase\Images\X 1115.jpeg","Fantasy; Weiblich; Erwachsen; Mensch","OK",""
"397","C:\Users\marcs\Videos\ImageDatabase\TTRPG-ImageDatabase\Images\X 1123.jpeg","Fantasy; Weiblich; Erwachsen; Ork","OK",""
"398","C:\Users\marcs\Videos\ImageDatabase\TTRPG-ImageDatabase\Images\X 1138.jpeg","Space; Cyberpunk; Weiblich; Erwachsen; Mensch","OK",""
"399","C:\Users\marcs\Videos\ImageDatabase\TTRPG-ImageDatabase\Images\X 225.jpeg","Fantasy; Weiblich; Erwachsen; Kind; Mensch","OK",""
"400","C:\Users\marcs\Videos\ImageDatabase\TTRPG-ImageDatabase\Images\X 742.jpeg","Fantasy; Männlich; Erwachsen; Mensch","OK",""
"401","C:\Users\marcs\Videos\ImageDatabase\TTRPG-ImageDatabase\Images\X 743.jpeg","Fantasy; Weiblich; Erwachsen; Mensch","OK",""
"402","C:\Users\marcs\Videos\ImageDatabase\TTRPG-ImageDatabase\Images\X 744.jpeg","Fantasy; Weiblich; Erwachsen; Drow","OK",""
"403","C:\Users\marcs\Videos\ImageDatabase\TTRPG-ImageDatabase\Images\X 745.jpeg","Fantasy; Weiblich; Junger Erwachsener; Tiefling","OK",""
"404","C:\Users\marcs\Videos\ImageDatabase\TTRPG-ImageDatabase\Images\X 746.jpeg","Fantasy; Weiblich; Junger Erwachsener; Mensch","OK",""
"405","C:\Users\marcs\Videos\ImageDatabase\TTRPG-ImageDatabase\Images\X 747.jpeg","Fantasy; Weiblich; Erwachsen; Monster; Unbekannte Rasse","OK",""
"406","C:\Users\marcs\Videos\ImageDatabase\TTRPG-ImageDatabase\Images\X 748.jpeg","Fantasy; Weiblich; Erwachsen; Drow","OK",""
"407","C:\Users\marcs\Videos\ImageDatabase\TTRPG-ImageDatabase\Images\X 749.jpeg","Fantasy; Weiblich; Erwachsen; Drow","OK",""
"408","C:\Users\marcs\Videos\ImageDatabase\TTRPG-ImageDatabase\Images\X 750.jpeg","Fantasy; Weiblich; Erwachsen; Wasserdinge; Unbekannte Rasse","OK",""
"409","C:\Users\marcs\Videos\ImageDatabase\TTRPG-ImageDatabase\Images\X 751.jpeg","Fantasy; Weiblich; Erwachsen; Elf; Wasserdinge","OK",""
"410","C:\Users\marcs\Videos\ImageDatabase\TTRPG-ImageDatabase\Images\X 752.jpeg","Fantasy; Weiblich; Erwachsen; Fey","OK",""
"411","C:\Users\marcs\Videos\ImageDatabase\TTRPG-ImageDatabase\Images\X 753.jpeg","Fantasy; Weiblich; Erwachsen; Drow","OK",""
"412","C:\Users\marcs\Videos\ImageDatabase\TTRPG-ImageDatabase\Images\X 754.jpeg","Fantasy; Männlich; Junger Erwachsener; Mensch","OK",""
"413","C:\Users\marcs\Videos\ImageDatabase\TTRPG-ImageDatabase\Images\X 755.jpeg","Fantasy; Männlich; Erwachsen; Mensch","OK",""
"414","C:\Users\marcs\Videos\ImageDatabase\TTRPG-ImageDatabase\Images\X 756.jpeg","Fantasy; Weiblich; Erwachsen; Mensch","OK",""
"415","C:\Users\marcs\Videos\ImageDatabase\TTRPG-ImageDatabase\Images\X 757.jpeg","Fantasy; Weiblich; Erwachsen; Monster; Unbekannte Rasse","OK",""
"416","C:\Users\marcs\Videos\ImageDatabase\TTRPG-ImageDatabase\Images\X 758.jpeg","Fantasy; Weiblich; Erwachsen; Vampir","OK",""
"417","C:\Users\marcs\Videos\ImageDatabase\TTRPG-ImageDatabase\Images\X 759.jpeg","Fantasy; Weiblich; Erwachsen; Elf","OK",""
"418","C:\Users\marcs\Videos\ImageDatabase\TTRPG-ImageDatabase\Images\X 760.jpeg","Fantasy; Weiblich; Erwachsen; Tiefling","OK",""
"419","C:\Users\marcs\Videos\ImageDatabase\TTRPG-ImageDatabase\Images\X 761.jpeg","Fantasy; Weiblich; Erwachsen; Goblin","OK",""
"420","C:\Users\marcs\Videos\ImageDatabase\TTRPG-ImageDatabase\Images\X 762.jpeg","Fantasy; Männlich; Erwachsen; Drow","OK",""
"421","C:\Users\marcs\Videos\ImageDatabase\TTRPG-ImageDatabase\Images\X 763.jpeg","Fantasy; Weiblich; Erwachsen; Monster; Unbekannte Rasse","OK",""
"422","C:\Users\marcs\Videos\ImageDatabase\TTRPG-ImageDatabase\Images\X 764.jpeg","Fantasy; Weiblich; Erwachsen; Elf","OK",""
"423","C:\Users\marcs\Videos\ImageDatabase\TTRPG-ImageDatabase\Images\X 765.jpeg","Fantasy; Männlich; Erwachsen; Mensch","OK",""
"424","C:\Users\marcs\Videos\ImageDatabase\TTRPG-ImageDatabase\Images\X 766.jpeg","Fantasy; Männlich; Erwachsen; Elf","OK",""
"425","C:\Users\marcs\Videos\ImageDatabase\TTRPG-ImageDatabase\Images\X 767.jpeg","Fantasy; Weiblich; Erwachsen; Drow","OK",""
"426","C:\Users\marcs\Videos\ImageDatabase\TTRPG-ImageDatabase\Images\X 768.jpeg","Fantasy; Männlich; Erwachsen; Ork","OK",""
"427","C:\Users\marcs\Videos\ImageDatabase\TTRPG-ImageDatabase\Images\X 769.jpeg","Fantasy; Weiblich; Erwachsen; Mensch","OK",""
"428","C:\Users\marcs\Videos\ImageDatabase\TTRPG-ImageDatabase\Images\X 770.jpeg","Fantasy; Weiblich; Erwachsen; Tiefling","OK",""
"429","C:\Users\marcs\Videos\ImageDatabase\TTRPG-ImageDatabase\Images\X 771.jpeg","Fantasy; Weiblich; Erwachsen; Tiefling","OK",""
"430","C:\Users\marcs\Videos\ImageDatabase\TTRPG-ImageDatabase\Images\X 772.jpeg","Fantasy; Männlich; Erwachsen; Mensch","OK",""
"431","C:\Users\marcs\Videos\ImageDatabase\TTRPG-ImageDatabase\Images\X 773.jpeg","Fantasy; Weiblich; Erwachsen; Drow","OK",""
"432","C:\Users\marcs\Videos\ImageDatabase\TTRPG-ImageDatabase\Images\X 774.jpeg","Fantasy; Weiblich; Erwachsen; Tiefling","OK",""
"433","C:\Users\marcs\Videos\ImageDatabase\TTRPG-ImageDatabase\Images\X 775.jpeg","Fantasy; Weiblich; Erwachsen; Mensch","OK",""
"434","C:\Users\marcs\Videos\ImageDatabase\TTRPG-ImageDatabase\Images\X 776.jpeg","Fantasy; Weiblich; Erwachsen; Elf","OK",""
"435","C:\Users\marcs\Videos\ImageDatabase\TTRPG-ImageDatabase\Images\X 777.jpeg","Fantasy; Männlich; Erwachsen; Ork","OK",""
"436","C:\Users\marcs\Videos\ImageDatabase\TTRPG-ImageDatabase\Images\X 778.jpeg","Fantasy; Weiblich; Erwachsen; Tiefling","OK",""
"437","C:\Users\marcs\Videos\ImageDatabase\TTRPG-ImageDatabase\Images\X 779.jpeg","Fantasy; Männlich; Erwachsen; Drow","OK",""
"438","C:\Users\marcs\Videos\ImageDatabase\TTRPG-ImageDatabase\Images\X 780.jpeg","Fantasy; Weiblich; Junger Erwachsener; Fey","OK",""
"439","C:\Users\marcs\Videos\ImageDatabase\TTRPG-ImageDatabase\Images\X 781.jpeg","Fantasy; Weiblich; Erwachsen; Drow","OK",""
"440","C:\Users\marcs\Videos\ImageDatabase\TTRPG-ImageDatabase\Images\X 782.jpeg","Fantasy; Weiblich; Erwachsen; Mensch","OK",""
"441","C:\Users\marcs\Videos\ImageDatabase\TTRPG-ImageDatabase\Images\X 783.jpeg","Fantasy; Weiblich; Erwachsen; Mensch","OK",""
"442","C:\Users\marcs\Videos\ImageDatabase\TTRPG-ImageDatabase\Images\X 784.jpeg","Fantasy; Weiblich; Erwachsen; Elf","OK",""
"443","C:\Users\marcs\Videos\ImageDatabase\TTRPG-ImageDatabase\Images\X 785.jpeg","Fantasy; Männlich; Erwachsen; Mensch","OK",""
"444","C:\Users\marcs\Videos\ImageDatabase\TTRPG-ImageDatabase\Images\X 786.jpeg","Fantasy; Monster; Alter Unbekannt; Unbekannte Rasse","OK",""
"445","C:\Users\marcs\Videos\ImageDatabase\TTRPG-ImageDatabase\Images\X 787.jpeg","Fantasy; Weiblich; Erwachsen; Mensch","OK",""
"446","C:\Users\marcs\Videos\ImageDatabase\TTRPG-ImageDatabase\Images\X 788.jpeg","Fantasy; Weiblich; Erwachsen; Tiefling","OK",""
"447","C:\Users\marcs\Videos\ImageDatabase\TTRPG-ImageDatabase\Images\X 789.jpeg","Fantasy; Weiblich; Erwachsen; Vampir","OK",""
"448","C:\Users\marcs\Videos\ImageDatabase\TTRPG-ImageDatabase\Images\X 790.jpeg","Fantasy; Weiblich; Erwachsen; Mensch","OK",""
"449","C:\Users\marcs\Videos\ImageDatabase\TTRPG-ImageDatabase\Images\X 791.jpeg","Fantasy; Weiblich; Erwachsen; Mensch","OK",""
"450","C:\Users\marcs\Videos\ImageDatabase\TTRPG-ImageDatabase\Images\X 792.jpeg","Fantasy; Männlich; Erwachsen; Elf","OK",""
"451","C:\Users\marcs\Videos\ImageDatabase\TTRPG-ImageDatabase\Images\X 793.jpeg","Fantasy; Weiblich; Erwachsen; Vampir","OK",""
"452","C:\Users\marcs\Videos\ImageDatabase\TTRPG-ImageDatabase\Images\X 794.jpeg","Fantasy; Monster; Alter Unbekannt; Unbekannte Rasse","OK",""
"453","C:\Users\marcs\Videos\ImageDatabase\TTRPG-ImageDatabase\Images\X 795.jpeg","Fantasy; Männlich; Erwachsen; Mensch","OK",""
"454","C:\Users\marcs\Videos\ImageDatabase\TTRPG-ImageDatabase\Images\X 796.jpeg","Fantasy; Weiblich; Erwachsen; Mensch","OK",""
"455","C:\Users\marcs\Videos\ImageDatabase\TTRPG-ImageDatabase\Images\X 797.jpeg","Space; Cyberpunk; Weiblich; Erwachsen; Drow","OK",""
"456","C:\Users\marcs\Videos\ImageDatabase\TTRPG-ImageDatabase\Images\X 799.jpeg","Fantasy; Weiblich; Erwachsen; Drow","OK",""
"457","C:\Users\marcs\Videos\ImageDatabase\TTRPG-ImageDatabase\Images\X 8.png","Fantasy; Weiblich; Junger Erwachsener; Tiefling","OK",""
"458","C:\Users\marcs\Videos\ImageDatabase\TTRPG-ImageDatabase\Images\X 800.jpeg","Fantasy; Weiblich; Erwachsen; Tiefling","OK",""
"459","C:\Users\marcs\Videos\ImageDatabase\TTRPG-ImageDatabase\Images\X 801.jpeg","Fantasy; Weiblich; Erwachsen; Mensch","OK",""
"460","C:\Users\marcs\Videos\ImageDatabase\TTRPG-ImageDatabase\Images\X 802.jpeg","Fantasy; Männlich; Erwachsen; Mensch","OK",""
"461","C:\Users\marcs\Videos\ImageDatabase\TTRPG-ImageDatabase\Images\X 803.jpeg","Fantasy; Weiblich; Erwachsen; Mensch","OK",""
"462","C:\Users\marcs\Videos\ImageDatabase\TTRPG-ImageDatabase\Images\X 804.jpeg","Fantasy; Männlich; Erwachsen; Mensch","OK",""
"463","C:\Users\marcs\Videos\ImageDatabase\TTRPG-ImageDatabase\Images\X 805.jpeg","Fantasy; Männlich; Erwachsen; Mensch","OK",""
"464","C:\Users\marcs\Videos\ImageDatabase\TTRPG-ImageDatabase\Images\X 806.jpeg","Fantasy; Weiblich; Erwachsen; Mensch","OK",""
"465","C:\Users\marcs\Videos\ImageDatabase\TTRPG-ImageDatabase\Images\X 807.jpeg","Space; Cyberpunk; Weiblich; Erwachsen; Drow","OK",""
"466","C:\Users\marcs\Videos\ImageDatabase\TTRPG-ImageDatabase\Images\X 808.jpeg","Fantasy; Weiblich; Erwachsen; Mensch","OK",""
"467","C:\Users\marcs\Videos\ImageDatabase\TTRPG-ImageDatabase\Images\X 809.jpeg","Fantasy; Weiblich; Erwachsen; Vampir","OK",""
"468","C:\Users\marcs\Videos\ImageDatabase\TTRPG-ImageDatabase\Images\X 810.jpeg","Fantasy; Männlich; Erwachsen; Drow","OK",""
"469","C:\Users\marcs\Videos\ImageDatabase\TTRPG-ImageDatabase\Images\X 812.jpeg","Fantasy; Männlich; Erwachsen; Ork","OK",""
"470","C:\Users\marcs\Videos\ImageDatabase\TTRPG-ImageDatabase\Images\X 813.jpeg","Fantasy; Weiblich; Erwachsen; Mensch","OK",""
"471","C:\Users\marcs\Videos\ImageDatabase\TTRPG-ImageDatabase\Images\X 814.jpeg","Fantasy; Weiblich; Erwachsen; Mensch","OK",""
"472","C:\Users\marcs\Videos\ImageDatabase\TTRPG-ImageDatabase\Images\X 815.jpeg","Fantasy; Weiblich; Junger Erwachsener; Mensch","OK",""
"473","C:\Users\marcs\Videos\ImageDatabase\TTRPG-ImageDatabase\Images\X 816.jpeg","Space; Cyberpunk; Weiblich; Erwachsen; Unbekannte Rasse","OK",""
"474","C:\Users\marcs\Videos\ImageDatabase\TTRPG-ImageDatabase\Images\X 817.jpeg","Fantasy; Weiblich; Erwachsen; Vampir","OK",""
"475","C:\Users\marcs\Videos\ImageDatabase\TTRPG-ImageDatabase\Images\X 818.jpeg","Fantasy; Männlich; Erwachsen; Elf","OK",""
"476","C:\Users\marcs\Videos\ImageDatabase\TTRPG-ImageDatabase\Images\X 819.jpeg","Fantasy; Steampunk; Männlich; Erwachsen; Mensch","OK",""
"477","C:\Users\marcs\Videos\ImageDatabase\TTRPG-ImageDatabase\Images\X 820.jpeg","Fantasy; Weiblich; Erwachsen; Mensch","OK",""
"478","C:\Users\marcs\Videos\ImageDatabase\TTRPG-ImageDatabase\Images\X 821.jpeg","Fantasy; Weiblich; Erwachsen; Mensch","OK",""
"479","C:\Users\marcs\Videos\ImageDatabase\TTRPG-ImageDatabase\Images\X 822.jpeg","Fantasy; Weiblich; Erwachsen; Kind; Mensch","OK",""
"480","C:\Users\marcs\Videos\ImageDatabase\TTRPG-ImageDatabase\Images\X 823.jpeg","Fantasy; Weiblich; Erwachsen; Tiefling","OK",""
"481","C:\Users\marcs\Videos\ImageDatabase\TTRPG-ImageDatabase\Images\X 824.jpeg","Space; Weiblich; Junger Erwachsener; Mensch","OK",""
"482","C:\Users\marcs\Videos\ImageDatabase\TTRPG-ImageDatabase\Images\X 825.jpeg","Space; Impressionen","OK",""
"483","C:\Users\marcs\Videos\ImageDatabase\TTRPG-ImageDatabase\Images\X 826.jpeg","Fantasy; Weiblich; Erwachsen; Drow","OK",""
"484","C:\Users\marcs\Videos\ImageDatabase\TTRPG-ImageDatabase\Images\X 827.jpeg","Fantasy; Weiblich; Erwachsen; Mensch","OK",""
"485","C:\Users\marcs\Videos\ImageDatabase\TTRPG-ImageDatabase\Images\X 828.jpeg","Fantasy; Weiblich; Erwachsen; Mensch","OK",""
"486","C:\Users\marcs\Videos\ImageDatabase\TTRPG-ImageDatabase\Images\X 829.jpeg","Fantasy; Weiblich; Erwachsen; Vampir","OK",""
"487","C:\Users\marcs\Videos\ImageDatabase\TTRPG-ImageDatabase\Images\X 830.jpeg","Fantasy; Weiblich; Erwachsen; Monster; Unbekannte Rasse","OK",""
"488","C:\Users\marcs\Videos\ImageDatabase\TTRPG-ImageDatabase\Images\X 831.jpeg","Space; 40K; Männlich; Erwachsen; Mensch","OK",""
"489","C:\Users\marcs\Videos\ImageDatabase\TTRPG-ImageDatabase\Images\X 832.jpeg","Fantasy; Weiblich; Erwachsen; Mensch","OK",""
"490","C:\Users\marcs\Videos\ImageDatabase\TTRPG-ImageDatabase\Images\X 833.jpeg","Space; 40K; Männlich; Erwachsen; Mensch","OK",""
"491","C:\Users\marcs\Videos\ImageDatabase\TTRPG-ImageDatabase\Images\X 834.jpeg","Space; Impressionen","OK",""
"492","C:\Users\marcs\Videos\ImageDatabase\TTRPG-ImageDatabase\Images\X 835.jpeg","Space; Impressionen","OK",""
"493","C:\Users\marcs\Videos\ImageDatabase\TTRPG-ImageDatabase\Images\X 836.jpeg","Space; Impressionen","OK",""
"494","C:\Users\marcs\Videos\ImageDatabase\TTRPG-ImageDatabase\Images\X 837.jpeg","Space; Impressionen","OK",""
"495","C:\Users\marcs\Videos\ImageDatabase\TTRPG-ImageDatabase\Images\X 838.jpeg","Fantasy; Weiblich; Erwachsen; Elf","OK",""
"496","C:\Users\marcs\Videos\ImageDatabase\TTRPG-ImageDatabase\Images\X 839.jpeg","Space; Cyberpunk; Männlich; Erwachsen; Mensch","OK",""
"497","C:\Users\marcs\Videos\ImageDatabase\TTRPG-ImageDatabase\Images\X 840.jpeg","Fantasy; Weiblich; Erwachsen; Monster; Unbekannte Rasse","OK",""
"498","C:\Users\marcs\Videos\ImageDatabase\TTRPG-ImageDatabase\Images\X 841.jpeg","Fantasy; Weiblich; Erwachsen; Vampir","OK",""
"499","C:\Users\marcs\Videos\ImageDatabase\TTRPG-ImageDatabase\Images\X 842.jpeg","Space; Cyberpunk; Weiblich; Erwachsen; Drow","OK",""
"500","C:\Users\marcs\Videos\ImageDatabase\TTRPG-ImageDatabase\Images\X 843.jpeg","Fantasy; Weiblich; Erwachsen; Monster; Unbekannte Rasse","OK",""
"501","C:\Users\marcs\Videos\ImageDatabase\TTRPG-ImageDatabase\Images\X 844.jpeg","Space; 40K; Weiblich; Erwachsen; Mensch","OK",""
"502","C:\Users\marcs\Videos\ImageDatabase\TTRPG-ImageDatabase\Images\X 845.jpeg","Fantasy; Männlich; Erwachsen; Mensch","OK",""
"503","C:\Users\marcs\Videos\ImageDatabase\TTRPG-ImageDatabase\Images\X 846.jpeg","Fantasy; Weiblich; Erwachsen; Unbekannte Rasse","OK",""
"504","C:\Users\marcs\Videos\ImageDatabase\TTRPG-ImageDatabase\Images\X 847.jpeg","Space; 40K; Männlich; Erwachsen; Mensch","OK",""
"505","C:\Users\marcs\Videos\ImageDatabase\TTRPG-ImageDatabase\Images\X 848.jpeg","Fantasy; Weiblich; Männlich; Erwachsen; Drow","OK",""
"506","C:\Users\marcs\Videos\ImageDatabase\TTRPG-ImageDatabase\Images\X 849.jpeg","Space; 40K; Weiblich; Erwachsen; Drow","OK",""
"507","C:\Users\marcs\Videos\ImageDatabase\TTRPG-ImageDatabase\Images\X 850.jpeg","Space; 40K; Weiblich; Erwachsen; Mensch","OK",""
"508","C:\Users\marcs\Videos\ImageDatabase\TTRPG-ImageDatabase\Images\X 851.jpeg","Fantasy; Männlich; Erwachsen; Mensch","OK",""
"509","C:\Users\marcs\Videos\ImageDatabase\TTRPG-ImageDatabase\Images\X 852.jpeg","Space; 40K; Weiblich; Erwachsen; Unbekannte Rasse","OK",""
"510","C:\Users\marcs\Videos\ImageDatabase\TTRPG-ImageDatabase\Images\X 853.jpeg","Space; 40K; Weiblich; Erwachsen; Mensch","OK",""
"511","C:\Users\marcs\Videos\ImageDatabase\TTRPG-ImageDatabase\Images\X 854.jpeg","Space; 40K; Weiblich; Erwachsen; Mensch","OK",""
"512","C:\Users\marcs\Videos\ImageDatabase\TTRPG-ImageDatabase\Images\X 855.jpeg","Space; 40K; Weiblich; Erwachsen; Mensch","OK",""
"513","C:\Users\marcs\Videos\ImageDatabase\TTRPG-ImageDatabase\Images\X 856.jpeg","Space; 40K; Weiblich; Erwachsen; Mensch","OK",""
"514","C:\Users\marcs\Videos\ImageDatabase\TTRPG-ImageDatabase\Images\X 857.jpeg","Fantasy; Weiblich; Erwachsen; Mensch","OK",""
"515","C:\Users\marcs\Videos\ImageDatabase\TTRPG-ImageDatabase\Images\X 858.jpeg","Space; Weiblich; Erwachsen; Unbekannte Rasse","OK",""
"516","C:\Users\marcs\Videos\ImageDatabase\TTRPG-ImageDatabase\Images\X 859.jpeg","Space; 40K; Weiblich; Erwachsen; Mensch","OK",""
"517","C:\Users\marcs\Videos\ImageDatabase\TTRPG-ImageDatabase\Images\X 860.jpeg","Space; Cyberpunk; Weiblich; Erwachsen; Mensch","OK",""
"518","C:\Users\marcs\Videos\ImageDatabase\TTRPG-ImageDatabase\Images\X 861.jpeg","Space; 40K; Weiblich; Erwachsen; Mensch","OK",""
"519","C:\Users\marcs\Videos\ImageDatabase\TTRPG-ImageDatabase\Images\X 862.jpeg","Space; 40K; Weiblich; Erwachsen; Mensch","OK",""
"520","C:\Users\marcs\Videos\ImageDatabase\TTRPG-ImageDatabase\Images\X 863.jpeg","Space; 40K; Männlich; Erwachsen; Mensch","OK",""
"521","C:\Users\marcs\Videos\ImageDatabase\TTRPG-ImageDatabase\Images\X 864.jpeg","Space; 40K; Männlich; Erwachsen; Mensch","OK",""
"522","C:\Users\marcs\Videos\ImageDatabase\TTRPG-ImageDatabase\Images\X 865.jpeg","Space; 40K; Männlich; Erwachsen; Mensch","OK",""
"523","C:\Users\marcs\Videos\ImageDatabase\TTRPG-ImageDatabase\Images\X 866.jpeg","Space; 40K; Weiblich; Erwachsen; Drow","OK",""
"524","C:\Users\marcs\Videos\ImageDatabase\TTRPG-ImageDatabase\Images\X 867.jpeg","Space; 40K; Weiblich; Männlich; Erwachsen; Drow","OK",""
"525","C:\Users\marcs\Videos\ImageDatabase\TTRPG-ImageDatabase\Images\X 868.jpeg","Space; Impressionen","OK",""
"526","C:\Users\marcs\Videos\ImageDatabase\TTRPG-ImageDatabase\Images\X 869.jpeg","Fantasy; Männlich; Erwachsen; Mensch","OK",""
"527","C:\Users\marcs\Videos\ImageDatabase\TTRPG-ImageDatabase\Images\X 870.jpeg","Space; 40K; Weiblich; Erwachsen; Mensch","OK",""
"528","C:\Users\marcs\Videos\ImageDatabase\TTRPG-ImageDatabase\Images\X 871.jpeg","Space; 40K; Weiblich; Erwachsen; Mensch","OK",""
"529","C:\Users\marcs\Videos\ImageDatabase\TTRPG-ImageDatabase\Images\X 872.jpeg","Space; Impressionen","OK",""
"530","C:\Users\marcs\Videos\ImageDatabase\TTRPG-ImageDatabase\Images\X 873.jpeg","Space; 40K; Weiblich; Erwachsen; Mensch","OK",""
"531","C:\Users\marcs\Videos\ImageDatabase\TTRPG-ImageDatabase\Images\X 874.jpeg","Space; 40K; Weiblich; Erwachsen; Unbekannte Rasse","OK",""
"532","C:\Users\marcs\Videos\ImageDatabase\TTRPG-ImageDatabase\Images\X 875.jpeg","Fantasy; Weiblich; Erwachsen; Fey","OK",""
"533","C:\Users\marcs\Videos\ImageDatabase\TTRPG-ImageDatabase\Images\X 876.jpeg","Star Wars; Männlich; Erwachsen; Twi'Lek","OK",""
"534","C:\Users\marcs\Videos\ImageDatabase\TTRPG-ImageDatabase\Images\X 877.jpeg","Fantasy; Weiblich; Erwachsen; Mensch","OK",""
"535","C:\Users\marcs\Videos\ImageDatabase\TTRPG-ImageDatabase\Images\X 878.jpeg","Fantasy; Weiblich; Erwachsen; Mensch","OK",""
"536","C:\Users\marcs\Videos\ImageDatabase\TTRPG-ImageDatabase\Images\X 879.jpeg","Fantasy; Weiblich; Erwachsen; Vampir","OK",""
"537","C:\Users\marcs\Videos\ImageDatabase\TTRPG-ImageDatabase\Images\X 880.jpeg","Fantasy; Weiblich; Erwachsen; Drow","OK",""
"538","C:\Users\marcs\Videos\ImageDatabase\TTRPG-ImageDatabase\Images\X 881.jpeg","Fantasy; Weiblich; Erwachsen; Drow","OK",""
"539","C:\Users\marcs\Videos\ImageDatabase\TTRPG-ImageDatabase\Images\X 882.jpeg","Fantasy; Männlich; Erwachsen; Drow","OK",""
"540","C:\Users\marcs\Videos\ImageDatabase\TTRPG-ImageDatabase\Images\X 883.jpeg","Space; Cyberpunk; Weiblich; Erwachsen; Mensch","OK",""
"541","C:\Users\marcs\Videos\ImageDatabase\TTRPG-ImageDatabase\Images\X 884.jpeg","Fantasy; Männlich; Erwachsen; Tiefling","OK",""
"542","C:\Users\marcs\Videos\ImageDatabase\TTRPG-ImageDatabase\Images\X 885.jpeg","Fantasy; Weiblich; Erwachsen; Drow","OK",""
"543","C:\Users\marcs\Videos\ImageDatabase\TTRPG-ImageDatabase\Images\X 886.jpeg","Fantasy; Weiblich; Erwachsen; Mensch","OK",""
"544","C:\Users\marcs\Videos\ImageDatabase\TTRPG-ImageDatabase\Images\X 887.jpeg","Fantasy; Weiblich; Erwachsen; Mensch","OK",""
"545","C:\Users\marcs\Videos\ImageDatabase\TTRPG-ImageDatabase\Images\X 888.jpeg","Fantasy; Männlich; Junger Erwachsener; Elf","OK",""
"546","C:\Users\marcs\Videos\ImageDatabase\TTRPG-ImageDatabase\Images\X 889.jpeg","Fantasy; Männlich; Erwachsen; Tiefling","OK",""
"547","C:\Users\marcs\Videos\ImageDatabase\TTRPG-ImageDatabase\Images\X 890.jpeg","Fantasy; Weiblich; Erwachsen; Drow","OK",""
"548","C:\Users\marcs\Videos\ImageDatabase\TTRPG-ImageDatabase\Images\X 891.jpeg","Space; Cyberpunk; Weiblich; Erwachsen; Mensch","OK",""
"549","C:\Users\marcs\Videos\ImageDatabase\TTRPG-ImageDatabase\Images\X 892.jpeg","Fantasy; Weiblich; Erwachsen; Mensch","OK",""
"550","C:\Users\marcs\Videos\ImageDatabase\TTRPG-ImageDatabase\Images\X 893.jpeg","Fantasy; Weiblich; Erwachsen; Mensch","OK",""
"551","C:\Users\marcs\Videos\ImageDatabase\TTRPG-ImageDatabase\Images\X 894.jpeg","Fantasy; Weiblich; Junger Erwachsener; Elf","OK",""
"552","C:\Users\marcs\Videos\ImageDatabase\TTRPG-ImageDatabase\Images\X 895.jpeg","Space; Cyberpunk; Weiblich; Erwachsen; Mensch","OK",""
"553","C:\Users\marcs\Videos\ImageDatabase\TTRPG-ImageDatabase\Images\X 896.jpeg","Fantasy; Weiblich; Erwachsen; Elf","OK",""
"554","C:\Users\marcs\Videos\ImageDatabase\TTRPG-ImageDatabase\Images\X 897.jpeg","Fantasy; Weiblich; Erwachsen; Mensch","OK",""
"555","C:\Users\marcs\Videos\ImageDatabase\TTRPG-ImageDatabase\Images\X 898.jpeg","Space; 40K; Weiblich; Männlich; Erwachsen; Drow","OK",""
"556","C:\Users\marcs\Videos\ImageDatabase\TTRPG-ImageDatabase\Images\X 899.jpeg","Fantasy; Weiblich; Erwachsen; Elf","OK",""
"557","C:\Users\marcs\Videos\ImageDatabase\TTRPG-ImageDatabase\Images\X 900.jpeg","Fantasy; Weiblich; Erwachsen; Tiefling","OK",""
"558","C:\Users\marcs\Videos\ImageDatabase\TTRPG-ImageDatabase\Images\X 901.jpeg","Fantasy; Weiblich; Erwachsen; Mensch","OK",""
"559","C:\Users\marcs\Videos\ImageDatabase\TTRPG-ImageDatabase\Images\X 902.jpeg","Fantasy; Weiblich; Erwachsen; Mensch","OK",""
"560","C:\Users\marcs\Videos\ImageDatabase\TTRPG-ImageDatabase\Images\X 903.jpeg","Fantasy; Männlich; Erwachsen; Drow","OK",""
"561","C:\Users\marcs\Videos\ImageDatabase\TTRPG-ImageDatabase\Images\X 904.jpeg","Fantasy; Weiblich; Erwachsen; Fey","OK",""
"562","C:\Users\marcs\Videos\ImageDatabase\TTRPG-ImageDatabase\Images\X 905.jpeg","Fantasy; Weiblich; Erwachsen; Drow","OK",""
"563","C:\Users\marcs\Videos\ImageDatabase\TTRPG-ImageDatabase\Images\X 906.jpeg","Fantasy; Weiblich; Erwachsen; Mensch","OK",""
"564","C:\Users\marcs\Videos\ImageDatabase\TTRPG-ImageDatabase\Images\X 907.jpeg","Fantasy; Weiblich; Erwachsen; Mensch","OK",""
"565","C:\Users\marcs\Videos\ImageDatabase\TTRPG-ImageDatabase\Images\X 908.jpeg","Fantasy; Weiblich; Erwachsen; Elf","OK",""
"566","C:\Users\marcs\Videos\ImageDatabase\TTRPG-ImageDatabase\Images\X 909.jpeg","Fantasy; Weiblich; Erwachsen; Drow","OK",""
"567","C:\Users\marcs\Videos\ImageDatabase\TTRPG-ImageDatabase\Images\X 910.jpeg","Fantasy; Weiblich; Erwachsen; Mensch","OK",""
"568","C:\Users\marcs\Videos\ImageDatabase\TTRPG-ImageDatabase\Images\X 911.jpeg","Fantasy; Weiblich; Erwachsen; Tiefling","OK",""
"569","C:\Users\marcs\Videos\ImageDatabase\TTRPG-ImageDatabase\Images\X 912.jpeg","Fantasy; Weiblich; Junger Erwachsener; Tiefling","OK",""
"570","C:\Users\marcs\Videos\ImageDatabase\TTRPG-ImageDatabase\Images\X 913.jpeg","Fantasy; Weiblich; Erwachsen; Fey","OK",""
"571","C:\Users\marcs\Videos\ImageDatabase\TTRPG-ImageDatabase\Images\X 914.jpeg","Fantasy; Männlich; Erwachsen; Monster; Unbekannte Rasse","OK",""
"572","C:\Users\marcs\Videos\ImageDatabase\TTRPG-ImageDatabase\Images\X 915.jpeg","Fantasy; Männlich; Erwachsen; Fey","OK",""
"573","C:\Users\marcs\Videos\ImageDatabase\TTRPG-ImageDatabase\Images\X 916.jpeg","Fantasy; Weiblich; Erwachsen; Unbekannte Rasse","OK",""
"574","C:\Users\marcs\Videos\ImageDatabase\TTRPG-ImageDatabase\Images\X 917.jpeg","Fantasy; Weiblich; Erwachsen; Mensch","OK",""
"575","C:\Users\marcs\Videos\ImageDatabase\TTRPG-ImageDatabase\Images\X 918.jpeg","Fantasy; Männlich; Erwachsen; Drow","OK",""
"576","C:\Users\marcs\Videos\ImageDatabase\TTRPG-ImageDatabase\Images\X 919.jpeg","Fantasy; Weiblich; Junger Erwachsener; Mensch","OK",""
"577","C:\Users\marcs\Videos\ImageDatabase\TTRPG-ImageDatabase\Images\X 920.jpeg","Fantasy; Weiblich; Erwachsen; Mensch","OK",""
"578","C:\Users\marcs\Videos\ImageDatabase\TTRPG-ImageDatabase\Images\X 921.jpeg","Space; 40K; Weiblich; Erwachsen; Mensch","OK",""
"579","C:\Users\marcs\Videos\ImageDatabase\TTRPG-ImageDatabase\Images\X 922.jpeg","Fantasy; Männlich; Erwachsen; Mensch","OK",""
"580","C:\Users\marcs\Videos\ImageDatabase\TTRPG-ImageDatabase\Images\X 923.jpeg","Fantasy; Weiblich; Erwachsen; Mensch","OK",""
"581","C:\Users\marcs\Videos\ImageDatabase\TTRPG-ImageDatabase\Images\X 924.jpeg","Fantasy; Weiblich; Erwachsen; Mensch","OK",""
"582","C:\Users\marcs\Videos\ImageDatabase\TTRPG-ImageDatabase\Images\X 925.jpeg","Space; Männlich; Erwachsen; Drow","OK",""
"583","C:\Users\marcs\Videos\ImageDatabase\TTRPG-ImageDatabase\Images\X 926.jpeg","Space; Cyberpunk; Männlich; Erwachsen; Unbekannte Rasse","OK",""
"584","C:\Users\marcs\Videos\ImageDatabase\TTRPG-ImageDatabase\Images\X 927.jpeg","Fantasy; Männlich; Erwachsen; Mensch","OK",""
"585","C:\Users\marcs\Videos\ImageDatabase\TTRPG-ImageDatabase\Images\X 928.jpeg","Space; Cyberpunk; Weiblich; Junger Erwachsener; Mensch","OK",""
"586","C:\Users\marcs\Videos\ImageDatabase\TTRPG-ImageDatabase\Images\X 929.jpeg","Fantasy; Weiblich; Erwachsen; Drow","OK",""
"587","C:\Users\marcs\Videos\ImageDatabase\TTRPG-ImageDatabase\Images\X 930.jpeg","Fantasy; Männlich; Erwachsen; Mensch","OK",""
"588","C:\Users\marcs\Videos\ImageDatabase\TTRPG-ImageDatabase\Images\X 931.jpeg","Fantasy; Männlich; Erwachsen; Mensch","OK",""
"589","C:\Users\marcs\Videos\ImageDatabase\TTRPG-ImageDatabase\Images\X 932.jpeg","Fantasy; Weiblich; Erwachsen; Mensch","OK",""
"590","C:\Users\marcs\Videos\ImageDatabase\TTRPG-ImageDatabase\Images\X 933.jpeg","Fantasy; Weiblich; Erwachsen; Vampir","OK",""
"591","C:\Users\marcs\Videos\ImageDatabase\TTRPG-ImageDatabase\Images\X 934.jpeg","Fantasy; Männlich; Erwachsen; Vampir","OK",""
"592","C:\Users\marcs\Videos\ImageDatabase\TTRPG-ImageDatabase\Images\X 935.jpeg","Fantasy; Männlich; Erwachsen; Mensch","OK",""
"593","C:\Users\marcs\Videos\ImageDatabase\TTRPG-ImageDatabase\Images\X 936.jpeg","Fantasy; Männlich; Junger Erwachsener; Elf","OK",""
"594","C:\Users\marcs\Videos\ImageDatabase\TTRPG-ImageDatabase\Images\X 937.jpeg","Fantasy; Männlich; Erwachsen; Drow","OK",""
"595","C:\Users\marcs\Videos\ImageDatabase\TTRPG-ImageDatabase\Images\X 938.jpeg","Space; Cyberpunk; Männlich; Erwachsen; Wasserdinge; Unbekannte Rasse","OK",""
"596","C:\Users\marcs\Videos\ImageDatabase\TTRPG-ImageDatabase\Images\X 939.jpeg","Fantasy; Weiblich; Erwachsen; Tiefling","OK",""
"597","C:\Users\marcs\Videos\ImageDatabase\TTRPG-ImageDatabase\Images\X 940.jpeg","Fantasy; Weiblich; Erwachsen; Mensch","OK",""
"598","C:\Users\marcs\Videos\ImageDatabase\TTRPG-ImageDatabase\Images\X 941.jpeg","Fantasy; Weiblich; Erwachsen; Drow","OK",""
"599","C:\Users\marcs\Videos\ImageDatabase\TTRPG-ImageDatabase\Images\X 942.jpeg","Fantasy; Weiblich; Erwachsen; Drow","OK",""
"600","C:\Users\marcs\Videos\ImageDatabase\TTRPG-ImageDatabase\Images\X 943.jpeg","Fantasy; Weiblich; Erwachsen; Mensch","OK",""
"601","C:\Users\marcs\Videos\ImageDatabase\TTRPG-ImageDatabase\Images\X 944.jpeg","Fantasy; Männlich; Erwachsen; Vampir","OK",""
"602","C:\Users\marcs\Videos\ImageDatabase\TTRPG-ImageDatabase\Images\X 945.jpeg","Fantasy; Weiblich; Erwachsen; Mensch","OK",""
"603","C:\Users\marcs\Videos\ImageDatabase\TTRPG-ImageDatabase\Images\X 946.jpeg","Fantasy; Weiblich; Erwachsen; Mensch","OK",""
"604","C:\Users\marcs\Videos\ImageDatabase\TTRPG-ImageDatabase\Images\X 947.jpeg","Space; Cyberpunk; Weiblich; Erwachsen; Drow","OK",""
"605","C:\Users\marcs\Videos\ImageDatabase\TTRPG-ImageDatabase\Images\X 948.jpeg","Fantasy; Weiblich; Junger Erwachsener; Elf","OK",""
"606","C:\Users\marcs\Videos\ImageDatabase\TTRPG-ImageDatabase\Images\X 949.jpeg","Fantasy; Männlich; Erwachsen; Mensch","OK",""
"607","C:\Users\marcs\Videos\ImageDatabase\TTRPG-ImageDatabase\Images\X 950.jpeg","Space; 40K; Weiblich; Erwachsen; Drow","OK",""
"608","C:\Users\marcs\Videos\ImageDatabase\TTRPG-ImageDatabase\Images\X 951.jpeg","Fantasy; Steampunk; Weiblich; Erwachsen; Mensch","OK",""
"609","C:\Users\marcs\Videos\ImageDatabase\TTRPG-ImageDatabase\Images\X 952.jpeg","Fantasy; Weiblich; Erwachsen; Tiefling","OK",""
"610","C:\Users\marcs\Videos\ImageDatabase\TTRPG-ImageDatabase\Images\X 953.jpeg","Fantasy; Weiblich; Erwachsen; Tiefling","OK",""
"611","C:\Users\marcs\Videos\ImageDatabase\TTRPG-ImageDatabase\Images\X 954.jpeg","Fantasy; Geschlechtsneutral; Erwachsen; Mensch","OK",""
"612","C:\Users\marcs\Videos\ImageDatabase\TTRPG-ImageDatabase\Images\X 955.jpeg","Fantasy; Weiblich; Erwachsen; Elf","OK",""
"613","C:\Users\marcs\Videos\ImageDatabase\TTRPG-ImageDatabase\Images\X 958.jpeg","Fantasy; Weiblich; Erwachsen; Mensch","OK",""
"614","C:\Users\marcs\Videos\ImageDatabase\TTRPG-ImageDatabase\Images\X 959.jpeg","Fantasy; Impressionen","OK",""
"615","C:\Users\marcs\Videos\ImageDatabase\TTRPG-ImageDatabase\Images\X 960.jpeg","Fantasy; Impressionen","OK",""
"616","C:\Users\marcs\Videos\ImageDatabase\TTRPG-ImageDatabase\Images\X 961.jpeg","Fantasy; Männlich; Erwachsen; Vampir","OK",""
"617","C:\Users\marcs\Videos\ImageDatabase\TTRPG-ImageDatabase\Images\X 962.jpeg","Fantasy; Weiblich; Erwachsen; Drow","OK",""
"618","C:\Users\marcs\Videos\ImageDatabase\TTRPG-ImageDatabase\Images\X 963.jpeg","Fantasy; Weiblich; Männlich; Erwachsen; Elf","OK",""
"619","C:\Users\marcs\Videos\ImageDatabase\TTRPG-ImageDatabase\Images\X 964.jpeg","Fantasy; Männlich; Erwachsen; Mensch","OK",""
"620","C:\Users\marcs\Videos\ImageDatabase\TTRPG-ImageDatabase\Images\X 965.jpeg","Fantasy; Weiblich; Erwachsen; Mensch","OK",""
"621","C:\Users\marcs\Videos\ImageDatabase\TTRPG-ImageDatabase\Images\X 966.jpeg","Fantasy; Weiblich; Erwachsen; Elf","OK",""
"622","C:\Users\marcs\Videos\ImageDatabase\TTRPG-ImageDatabase\Images\X 967.jpeg","Fantasy; Männlich; Erwachsen; Mensch","OK",""
"623","C:\Users\marcs\Videos\ImageDatabase\TTRPG-ImageDatabase\Images\X 968.jpeg","Fantasy; Weiblich; Erwachsen; Mensch","OK",""
"624","C:\Users\marcs\Videos\ImageDatabase\TTRPG-ImageDatabase\Images\X 969.jpeg","Fantasy; Männlich; Erwachsen; Mensch","OK",""
"625","C:\Users\marcs\Videos\ImageDatabase\TTRPG-ImageDatabase\Images\X 970.jpeg","Fantasy; Weiblich; Erwachsen; Fey","OK",""
"626","C:\Users\marcs\Videos\ImageDatabase\TTRPG-ImageDatabase\Images\X 971.jpeg","Fantasy; Weiblich; Junger Erwachsener; Elf","OK",""
"627","C:\Users\marcs\Videos\ImageDatabase\TTRPG-ImageDatabase\Images\X 972.jpeg","Fantasy; Männlich; Erwachsen; Mensch","OK",""
"628","C:\Users\marcs\Videos\ImageDatabase\TTRPG-ImageDatabase\Images\X 973.jpeg","Fantasy; Weiblich; Erwachsen; Drow","OK",""
"629","C:\Users\marcs\Videos\ImageDatabase\TTRPG-ImageDatabase\Images\X 974.jpeg","Fantasy; Weiblich; Junger Erwachsener; Elf","OK",""
"630","C:\Users\marcs\Videos\ImageDatabase\TTRPG-ImageDatabase\Images\X 975.jpeg","Fantasy; Weiblich; Erwachsen; Tiefling","OK",""
"631","C:\Users\marcs\Videos\ImageDatabase\TTRPG-ImageDatabase\Images\X 976.jpeg","Fantasy; Weiblich; Erwachsen; Fey","OK",""
"632","C:\Users\marcs\Videos\ImageDatabase\TTRPG-ImageDatabase\Images\X 977.jpeg","Fantasy; Weiblich; Erwachsen; Vampir","OK",""
"633","C:\Users\marcs\Videos\ImageDatabase\TTRPG-ImageDatabase\Images\X 978.jpeg","Fantasy; Weiblich; Erwachsen; Mensch","OK",""
"634","C:\Users\marcs\Videos\ImageDatabase\TTRPG-ImageDatabase\Images\X 979.jpeg","Fantasy; Weiblich; Erwachsen; Mensch","OK",""
"635","C:\Users\marcs\Videos\ImageDatabase\TTRPG-ImageDatabase\Images\X 980.jpeg","Fantasy; Weiblich; Erwachsen; Mensch","OK",""
"636","C:\Users\marcs\Videos\ImageDatabase\TTRPG-ImageDatabase\Images\X 981.jpeg","Fantasy; Weiblich; Erwachsen; Wasserdinge; Unbekannte Rasse","OK",""
"637","C:\Users\marcs\Videos\ImageDatabase\TTRPG-ImageDatabase\Images\X 982.jpeg","Fantasy; Weiblich; Erwachsen; Monster; Unbekannte Rasse","OK",""
"638","C:\Users\marcs\Videos\ImageDatabase\TTRPG-ImageDatabase\Images\X 983.jpeg","Fantasy; Männlich; Erwachsen; Elf","OK",""
"639","C:\Users\marcs\Videos\ImageDatabase\TTRPG-ImageDatabase\Images\X 984.jpeg","Fantasy; Weiblich; Erwachsen; Elf","OK",""
"640","C:\Users\marcs\Videos\ImageDatabase\TTRPG-ImageDatabase\Images\X 985.jpeg","Fantasy; Weiblich; Erwachsen; Vampir","OK",""
"641","C:\Users\marcs\Videos\ImageDatabase\TTRPG-ImageDatabase\Images\X 986.jpeg","Fantasy; Weiblich; Erwachsen; Mensch","OK",""
"642","C:\Users\marcs\Videos\ImageDatabase\TTRPG-ImageDatabase\Images\X 987.jpeg","Fantasy; Männlich; Erwachsen; Mensch","OK",""
"643","C:\Users\marcs\Videos\ImageDatabase\TTRPG-ImageDatabase\Images\X 988.jpeg","Fantasy; Weiblich; Erwachsen; Mensch","OK",""
"644","C:\Users\marcs\Videos\ImageDatabase\TTRPG-ImageDatabase\Images\X 989.jpeg","Fantasy; Männlich; Erwachsen; Mensch","OK",""
"645","C:\Users\marcs\Videos\ImageDatabase\TTRPG-ImageDatabase\Images\X 990.jpeg","Fantasy; Weiblich; Erwachsen; Tiefling","OK",""
"646","C:\Users\marcs\Videos\ImageDatabase\TTRPG-ImageDatabase\Images\X 991.jpeg","Fantasy; Weiblich; Erwachsen; Drow","OK",""
"647","C:\Users\marcs\Videos\ImageDatabase\TTRPG-ImageDatabase\Images\X 992.jpeg","Fantasy; Männlich; Erwachsen; Kind; Drow","OK",""
"648","C:\Users\marcs\Videos\ImageDatabase\TTRPG-ImageDatabase\Images\X 993.jpeg","Fantasy; Weiblich; Erwachsen; Monster; Unbekannte Rasse","OK",""
"649","C:\Users\marcs\Videos\ImageDatabase\TTRPG-ImageDatabase\Images\X 994.jpeg","Fantasy; Weiblich; Erwachsen; Vampir","OK",""
"650","C:\Users\marcs\Videos\ImageDatabase\TTRPG-ImageDatabase\Images\X 995.jpeg","Fantasy; Weiblich; Erwachsen; Mensch","OK",""
"651","C:\Users\marcs\Videos\ImageDatabase\TTRPG-ImageDatabase\Images\X 996.jpeg","Space; Weiblich; Junger Erwachsener; Elf","OK",""
"652","C:\Users\marcs\Videos\ImageDatabase\TTRPG-ImageDatabase\Images\X 997.jpeg","Fantasy; Weiblich; Erwachsen; Drow","OK",""
"653","C:\Users\marcs\Videos\ImageDatabase\TTRPG-ImageDatabase\Images\X 998.jpeg","Fantasy; Weiblich; Erwachsen; Vampir","OK",""
"654","C:\Users\marcs\Videos\ImageDatabase\TTRPG-ImageDatabase\Images\X 999.jpeg","Fantasy; Weiblich; Erwachsen; Drow","OK",""
"655","C:\Users\marcs\Videos\ImageDatabase\TTRPG-ImageDatabase\Images\x7umo04z112g1.jpeg","Fantasy; Weiblich; Erwachsen; Mensch","OK",""
"656","C:\Users\marcs\Videos\ImageDatabase\TTRPG-ImageDatabase\Images\xebpe5tygzmf1.jpeg","Fantasy; Weiblich; Erwachsen; Vampir","OK",""
"657","C:\Users\marcs\Videos\ImageDatabase\TTRPG-ImageDatabase\Images\xfyh7o6g56mf1.jpeg","Fantasy; Weiblich; Erwachsen; Tiefling","OK",""
"658","C:\Users\marcs\Videos\ImageDatabase\TTRPG-ImageDatabase\Images\xvx3qa07l6jf1.jpeg","Fantasy; Weiblich; Erwachsen; Tiefling","OK",""
"659","C:\Users\marcs\Videos\ImageDatabase\TTRPG-ImageDatabase\Images\y9x7n1pvacxf1.jpeg","Fantasy; Weiblich; Erwachsen; Mensch","OK",""
"660","C:\Users\marcs\Videos\ImageDatabase\TTRPG-ImageDatabase\Images\ytbp199akmmf1.jpeg","Fantasy; Weiblich; Erwachsen; Mensch","OK",""
"661","C:\Users\marcs\Videos\ImageDatabase\TTRPG-ImageDatabase\Images\z5xk99jnyknf1.jpeg","Fantasy; Weiblich; Erwachsen; Tiefling","OK",""
"662","C:\Users\marcs\Videos\ImageDatabase\TTRPG-ImageDatabase\Images\zax5u2jn7ak61.jpeg","Space; Weiblich; Erwachsen; Unbekannte Rasse","OK",""
"663","C:\Users\marcs\Videos\ImageDatabase\TTRPG-ImageDatabase\Images\Zeph ___ (_zephart_) _ X.jpeg","Space; Cyberpunk; Weiblich; Erwachsen; Mensch","OK",""
"664","C:\Users\marcs\Videos\ImageDatabase\TTRPG-ImageDatabase\Images\ZERO auf X_ _for fun zees https___t.co_WIJCEh5xaW_ _ X.jpeg","Space; Cyberpunk; Weiblich; Erwachsen; Unbekannte Rasse","OK",""
"665","C:\Users\marcs\Videos\ImageDatabase\TTRPG-ImageDatabase\Images\znzl7ij3gmnf1.jpeg","Fantasy; Weiblich; Erwachsen; Mensch","OK",""
"666","C:\Users\marcs\Videos\ImageDatabase\TTRPG-ImageDatabase\Images\ztvpl5vyrdo11.jpeg","Fantasy; Weiblich; Erwachsen; Mensch","OK",""
"667","C:\Users\marcs\Videos\ImageDatabase\TTRPG-ImageDatabase\Images\zueniczl6ynf1.jpeg","Fantasy; Weiblich; Erwachsen; Mensch","OK",""
"668","C:\Users\marcs\Videos\ImageDatabase\TTRPG-ImageDatabase\Images\zycfirsun8jf1.jpeg","Fantasy; Weiblich; Erwachsen; Mensch","OK",""
