"Index","Path","Name"
"1","C:\Users\marcs\Videos\ImageDatabase\TTRPG-ImageDatabase\Images\(1) JinYu(__)_COMMISSIONS CLOSED on X_ ____amp___ _oc https___t.co_8GIMIUhf67_ _ X.jpeg","(1) JinYu(__)_COMMISSIONS CLOSED on X_ ____amp___ _oc https___t.co_8GIMIUhf67_ _ X.jpeg"
"2","C:\Users\marcs\Videos\ImageDatabase\TTRPG-ImageDatabase\Images\(1) Macroblock on X_ _3 pieces to get to know me https___t.co_j04lkOm51M_ _ X 1.jpeg","(1) Macroblock on X_ _3 pieces to get to know me https___t.co_j04lkOm51M_ _ X 1.jpeg"
"3","C:\Users\marcs\Videos\ImageDatabase\TTRPG-ImageDatabase\Images\(1) Macroblock on X_ _3 pieces to get to know me https___t.co_j04lkOm51M_ _ X 2.jpeg","(1) Macroblock on X_ _3 pieces to get to know me https___t.co_j04lkOm51M_ _ X 2.jpeg"
"4","C:\Users\marcs\Videos\ImageDatabase\TTRPG-ImageDatabase\Images\(1) Macroblock on X_ _3 pieces to get to know me https___t.co_j04lkOm51M_ _ X.jpeg","(1) Macroblock on X_ _3 pieces to get to know me https___t.co_j04lkOm51M_ _ X.jpeg"
"5","C:\Users\marcs\Videos\ImageDatabase\TTRPG-ImageDatabase\Images\(1) Marcel Deneuve on X_ _My World is Cold https___t.co_2PkJhbwFQ1_ _ X.jpeg","(1) Marcel Deneuve on X_ _My World is Cold https___t.co_2PkJhbwFQ1_ _ X.jpeg"
"6","C:\Users\marcs\Videos\ImageDatabase\TTRPG-ImageDatabase\Images\(1) Media posts by __An-Helme (_annahelme) _ X.jpeg","(1) Media posts by __An-Helme (_annahelme) _ X.jpeg"
"7","C:\Users\marcs\Videos\ImageDatabase\TTRPG-ImageDatabase\Images\(1) Media posts by fivegarret (_fivegarret5) _ X 1.jpeg","(1) Media posts by fivegarret (_fivegarret5) _ X 1.jpeg"
"8","C:\Users\marcs\Videos\ImageDatabase\TTRPG-ImageDatabase\Images\(1) Media posts by fivegarret (_fivegarret5) _ X 2.jpeg","(1) Media posts by fivegarret (_fivegarret5) _ X 2.jpeg"
"9","C:\Users\marcs\Videos\ImageDatabase\TTRPG-ImageDatabase\Images\(1) Media posts by fivegarret (_fivegarret5) _ X.jpeg","(1) Media posts by fivegarret (_fivegarret5) _ X.jpeg"
"10","C:\Users\marcs\Videos\ImageDatabase\TTRPG-ImageDatabase\Images\(1) Media posts by Margaret__ (_MargelMargaret) _ X 1.jpeg","(1) Media posts by Margaret__ (_MargelMargaret) _ X 1.jpeg"
"11","C:\Users\marcs\Videos\ImageDatabase\TTRPG-ImageDatabase\Images\(1) Media posts by Margaret__ (_MargelMargaret) _ X.jpeg","(1) Media posts by Margaret__ (_MargelMargaret) _ X.jpeg"
"12","C:\Users\marcs\Videos\ImageDatabase\TTRPG-ImageDatabase\Images\(1) Media posts by minemir _ comm OPEN _ (_Minemir_) _ X 1.jpeg","(1) Media posts by minemir _ comm OPEN _ (_Minemir_) _ X 1.jpeg"
"13","C:\Users\marcs\Videos\ImageDatabase\TTRPG-ImageDatabase\Images\(1) Media posts by minemir _ comm OPEN _ (_Minemir_) _ X 10.jpeg","(1) Media posts by minemir _ comm OPEN _ (_Minemir_) _ X 10.jpeg"
"14","C:\Users\marcs\Videos\ImageDatabase\TTRPG-ImageDatabase\Images\(1) Media posts by minemir _ comm OPEN _ (_Minemir_) _ X 11.jpeg","(1) Media posts by minemir _ comm OPEN _ (_Minemir_) _ X 11.jpeg"
"15","C:\Users\marcs\Videos\ImageDatabase\TTRPG-ImageDatabase\Images\(1) Media posts by minemir _ comm OPEN _ (_Minemir_) _ X 12.jpeg","(1) Media posts by minemir _ comm OPEN _ (_Minemir_) _ X 12.jpeg"
"16","C:\Users\marcs\Videos\ImageDatabase\TTRPG-ImageDatabase\Images\(1) Media posts by minemir _ comm OPEN _ (_Minemir_) _ X 13.jpeg","(1) Media posts by minemir _ comm OPEN _ (_Minemir_) _ X 13.jpeg"
"17","C:\Users\marcs\Videos\ImageDatabase\TTRPG-ImageDatabase\Images\(1) Media posts by minemir _ comm OPEN _ (_Minemir_) _ X 14.jpeg","(1) Media posts by minemir _ comm OPEN _ (_Minemir_) _ X 14.jpeg"
"18","C:\Users\marcs\Videos\ImageDatabase\TTRPG-ImageDatabase\Images\(1) Media posts by minemir _ comm OPEN _ (_Minemir_) _ X 15.jpeg","(1) Media posts by minemir _ comm OPEN _ (_Minemir_) _ X 15.jpeg"
"19","C:\Users\marcs\Videos\ImageDatabase\TTRPG-ImageDatabase\Images\(1) Media posts by minemir _ comm OPEN _ (_Minemir_) _ X 2.jpeg","(1) Media posts by minemir _ comm OPEN _ (_Minemir_) _ X 2.jpeg"
"20","C:\Users\marcs\Videos\ImageDatabase\TTRPG-ImageDatabase\Images\(1) Media posts by minemir _ comm OPEN _ (_Minemir_) _ X 3.jpeg","(1) Media posts by minemir _ comm OPEN _ (_Minemir_) _ X 3.jpeg"
"21","C:\Users\marcs\Videos\ImageDatabase\TTRPG-ImageDatabase\Images\(1) Media posts by minemir _ comm OPEN _ (_Minemir_) _ X 4.jpeg","(1) Media posts by minemir _ comm OPEN _ (_Minemir_) _ X 4.jpeg"
"22","C:\Users\marcs\Videos\ImageDatabase\TTRPG-ImageDatabase\Images\(1) Media posts by minemir _ comm OPEN _ (_Minemir_) _ X 5.jpeg","(1) Media posts by minemir _ comm OPEN _ (_Minemir_) _ X 5.jpeg"
"23","C:\Users\marcs\Videos\ImageDatabase\TTRPG-ImageDatabase\Images\(1) Media posts by minemir _ comm OPEN _ (_Minemir_) _ X 6.jpeg","(1) Media posts by minemir _ comm OPEN _ (_Minemir_) _ X 6.jpeg"
"24","C:\Users\marcs\Videos\ImageDatabase\TTRPG-ImageDatabase\Images\(1) Media posts by minemir _ comm OPEN _ (_Minemir_) _ X 7.jpeg","(1) Media posts by minemir _ comm OPEN _ (_Minemir_) _ X 7.jpeg"
"25","C:\Users\marcs\Videos\ImageDatabase\TTRPG-ImageDatabase\Images\(1) Media posts by minemir _ comm OPEN _ (_Minemir_) _ X 8.jpeg","(1) Media posts by minemir _ comm OPEN _ (_Minemir_) _ X 8.jpeg"
"26","C:\Users\marcs\Videos\ImageDatabase\TTRPG-ImageDatabase\Images\(1) Media posts by minemir _ comm OPEN _ (_Minemir_) _ X 9.jpeg","(1) Media posts by minemir _ comm OPEN _ (_Minemir_) _ X 9.jpeg"
"27","C:\Users\marcs\Videos\ImageDatabase\TTRPG-ImageDatabase\Images\(1) Media posts by minemir _ comm OPEN _ (_Minemir_) _ X.jpeg","(1) Media posts by minemir _ comm OPEN _ (_Minemir_) _ X.jpeg"
"28","C:\Users\marcs\Videos\ImageDatabase\TTRPG-ImageDatabase\Images\(1) X 127.jpeg","(1) X 127.jpeg"
"29","C:\Users\marcs\Videos\ImageDatabase\TTRPG-ImageDatabase\Images\(1) X 211.jpeg","(1) X 211.jpeg"
"30","C:\Users\marcs\Videos\ImageDatabase\TTRPG-ImageDatabase\Images\(1) X 215.jpeg","(1) X 215.jpeg"
"31","C:\Users\marcs\Videos\ImageDatabase\TTRPG-ImageDatabase\Images\(1) X 257.jpeg","(1) X 257.jpeg"
"32","C:\Users\marcs\Videos\ImageDatabase\TTRPG-ImageDatabase\Images\(1) X 302.jpeg","(1) X 302.jpeg"
"33","C:\Users\marcs\Videos\ImageDatabase\TTRPG-ImageDatabase\Images\(1) X 303.jpeg","(1) X 303.jpeg"
"34","C:\Users\marcs\Videos\ImageDatabase\TTRPG-ImageDatabase\Images\(1) X 304.jpeg","(1) X 304.jpeg"
"35","C:\Users\marcs\Videos\ImageDatabase\TTRPG-ImageDatabase\Images\(1) X 305.jpeg","(1) X 305.jpeg"
"36","C:\Users\marcs\Videos\ImageDatabase\TTRPG-ImageDatabase\Images\(1) X 306.jpeg","(1) X 306.jpeg"
"37","C:\Users\marcs\Videos\ImageDatabase\TTRPG-ImageDatabase\Images\(1) X 307.jpeg","(1) X 307.jpeg"
"38","C:\Users\marcs\Videos\ImageDatabase\TTRPG-ImageDatabase\Images\(1) X 308.jpeg","(1) X 308.jpeg"
"39","C:\Users\marcs\Videos\ImageDatabase\TTRPG-ImageDatabase\Images\(1) X 310.jpeg","(1) X 310.jpeg"
"40","C:\Users\marcs\Videos\ImageDatabase\TTRPG-ImageDatabase\Images\(1) X 311.jpeg","(1) X 311.jpeg"
"41","C:\Users\marcs\Videos\ImageDatabase\TTRPG-ImageDatabase\Images\(1) X 312.jpeg","(1) X 312.jpeg"
"42","C:\Users\marcs\Videos\ImageDatabase\TTRPG-ImageDatabase\Images\(1) X 313.jpeg","(1) X 313.jpeg"
"43","C:\Users\marcs\Videos\ImageDatabase\TTRPG-ImageDatabase\Images\(1) X 314.jpeg","(1) X 314.jpeg"
"44","C:\Users\marcs\Videos\ImageDatabase\TTRPG-ImageDatabase\Images\(1) X 315.jpeg","(1) X 315.jpeg"
"45","C:\Users\marcs\Videos\ImageDatabase\TTRPG-ImageDatabase\Images\(1) X 316.jpeg","(1) X 316.jpeg"
"46","C:\Users\marcs\Videos\ImageDatabase\TTRPG-ImageDatabase\Images\(1) X 317.jpeg","(1) X 317.jpeg"
"47","C:\Users\marcs\Videos\ImageDatabase\TTRPG-ImageDatabase\Images\(1) X 319.jpeg","(1) X 319.jpeg"
"48","C:\Users\marcs\Videos\ImageDatabase\TTRPG-ImageDatabase\Images\(1) X 320.jpeg","(1) X 320.jpeg"
"49","C:\Users\marcs\Videos\ImageDatabase\TTRPG-ImageDatabase\Images\(1) X 321.jpeg","(1) X 321.jpeg"
"50","C:\Users\marcs\Videos\ImageDatabase\TTRPG-ImageDatabase\Images\(1) X 322.jpeg","(1) X 322.jpeg"
"51","C:\Users\marcs\Videos\ImageDatabase\TTRPG-ImageDatabase\Images\(1) X 323.jpeg","(1) X 323.jpeg"
"52","C:\Users\marcs\Videos\ImageDatabase\TTRPG-ImageDatabase\Images\(1) X 324.jpeg","(1) X 324.jpeg"
"53","C:\Users\marcs\Videos\ImageDatabase\TTRPG-ImageDatabase\Images\(1) X 325.jpeg","(1) X 325.jpeg"
"54","C:\Users\marcs\Videos\ImageDatabase\TTRPG-ImageDatabase\Images\(1) X 326.jpeg","(1) X 326.jpeg"
"55","C:\Users\marcs\Videos\ImageDatabase\TTRPG-ImageDatabase\Images\(1) X 327.jpeg","(1) X 327.jpeg"
"56","C:\Users\marcs\Videos\ImageDatabase\TTRPG-ImageDatabase\Images\(1) X 328.jpeg","(1) X 328.jpeg"
"57","C:\Users\marcs\Videos\ImageDatabase\TTRPG-ImageDatabase\Images\(1) X 329.jpeg","(1) X 329.jpeg"
"58","C:\Users\marcs\Videos\ImageDatabase\TTRPG-ImageDatabase\Images\(1) X 330.jpeg","(1) X 330.jpeg"
"59","C:\Users\marcs\Videos\ImageDatabase\TTRPG-ImageDatabase\Images\(1) X 331.jpeg","(1) X 331.jpeg"
"60","C:\Users\marcs\Videos\ImageDatabase\TTRPG-ImageDatabase\Images\(1) X 332.jpeg","(1) X 332.jpeg"
"61","C:\Users\marcs\Videos\ImageDatabase\TTRPG-ImageDatabase\Images\(1) X 333.jpeg","(1) X 333.jpeg"
"62","C:\Users\marcs\Videos\ImageDatabase\TTRPG-ImageDatabase\Images\(1) X 334.jpeg","(1) X 334.jpeg"
"63","C:\Users\marcs\Videos\ImageDatabase\TTRPG-ImageDatabase\Images\(1) X 335.jpeg","(1) X 335.jpeg"
"64","C:\Users\marcs\Videos\ImageDatabase\TTRPG-ImageDatabase\Images\(1) X 336.jpeg","(1) X 336.jpeg"
"65","C:\Users\marcs\Videos\ImageDatabase\TTRPG-ImageDatabase\Images\(1) X 337.jpeg","(1) X 337.jpeg"
"66","C:\Users\marcs\Videos\ImageDatabase\TTRPG-ImageDatabase\Images\(1) X 339.jpeg","(1) X 339.jpeg"
"67","C:\Users\marcs\Videos\ImageDatabase\TTRPG-ImageDatabase\Images\(1) X 340.jpeg","(1) X 340.jpeg"
"68","C:\Users\marcs\Videos\ImageDatabase\TTRPG-ImageDatabase\Images\(1) X 341.jpeg","(1) X 341.jpeg"
"69","C:\Users\marcs\Videos\ImageDatabase\TTRPG-ImageDatabase\Images\(1) X 342.jpeg","(1) X 342.jpeg"
"70","C:\Users\marcs\Videos\ImageDatabase\TTRPG-ImageDatabase\Images\(1) X 343.jpeg","(1) X 343.jpeg"
"71","C:\Users\marcs\Videos\ImageDatabase\TTRPG-ImageDatabase\Images\(1) X 344.jpeg","(1) X 344.jpeg"
"72","C:\Users\marcs\Videos\ImageDatabase\TTRPG-ImageDatabase\Images\(1) X 345.jpeg","(1) X 345.jpeg"
"73","C:\Users\marcs\Videos\ImageDatabase\TTRPG-ImageDatabase\Images\(1) X 346.jpeg","(1) X 346.jpeg"
"74","C:\Users\marcs\Videos\ImageDatabase\TTRPG-ImageDatabase\Images\(1) X 347.jpeg","(1) X 347.jpeg"
"75","C:\Users\marcs\Videos\ImageDatabase\TTRPG-ImageDatabase\Images\(1) X 348.jpeg","(1) X 348.jpeg"
"76","C:\Users\marcs\Videos\ImageDatabase\TTRPG-ImageDatabase\Images\(1) X 349.jpeg","(1) X 349.jpeg"
"77","C:\Users\marcs\Videos\ImageDatabase\TTRPG-ImageDatabase\Images\(1) X 350.jpeg","(1) X 350.jpeg"
"78","C:\Users\marcs\Videos\ImageDatabase\TTRPG-ImageDatabase\Images\(1) X 351.jpeg","(1) X 351.jpeg"
"79","C:\Users\marcs\Videos\ImageDatabase\TTRPG-ImageDatabase\Images\(1) X 352.jpeg","(1) X 352.jpeg"
"80","C:\Users\marcs\Videos\ImageDatabase\TTRPG-ImageDatabase\Images\(1) X 353.jpeg","(1) X 353.jpeg"
"81","C:\Users\marcs\Videos\ImageDatabase\TTRPG-ImageDatabase\Images\(1) X 354.jpeg","(1) X 354.jpeg"
"82","C:\Users\marcs\Videos\ImageDatabase\TTRPG-ImageDatabase\Images\(1) X 355.jpeg","(1) X 355.jpeg"
"83","C:\Users\marcs\Videos\ImageDatabase\TTRPG-ImageDatabase\Images\(1) X 356.jpeg","(1) X 356.jpeg"
"84","C:\Users\marcs\Videos\ImageDatabase\TTRPG-ImageDatabase\Images\(1) X 357.jpeg","(1) X 357.jpeg"
"85","C:\Users\marcs\Videos\ImageDatabase\TTRPG-ImageDatabase\Images\(1) X 358.jpeg","(1) X 358.jpeg"
"86","C:\Users\marcs\Videos\ImageDatabase\TTRPG-ImageDatabase\Images\(1) X 359.jpeg","(1) X 359.jpeg"
"87","C:\Users\marcs\Videos\ImageDatabase\TTRPG-ImageDatabase\Images\(1) X 360.jpeg","(1) X 360.jpeg"
"88","C:\Users\marcs\Videos\ImageDatabase\TTRPG-ImageDatabase\Images\(1) X 361.jpeg","(1) X 361.jpeg"
"89","C:\Users\marcs\Videos\ImageDatabase\TTRPG-ImageDatabase\Images\(1) X 362.jpeg","(1) X 362.jpeg"
"90","C:\Users\marcs\Videos\ImageDatabase\TTRPG-ImageDatabase\Images\(1) X 363.jpeg","(1) X 363.jpeg"
"91","C:\Users\marcs\Videos\ImageDatabase\TTRPG-ImageDatabase\Images\(1) X 364.jpeg","(1) X 364.jpeg"
"92","C:\Users\marcs\Videos\ImageDatabase\TTRPG-ImageDatabase\Images\(1) X 365.jpeg","(1) X 365.jpeg"
"93","C:\Users\marcs\Videos\ImageDatabase\TTRPG-ImageDatabase\Images\(1) X 366.jpeg","(1) X 366.jpeg"
"94","C:\Users\marcs\Videos\ImageDatabase\TTRPG-ImageDatabase\Images\(1) X 367.jpeg","(1) X 367.jpeg"
"95","C:\Users\marcs\Videos\ImageDatabase\TTRPG-ImageDatabase\Images\(1) X 368.jpeg","(1) X 368.jpeg"
"96","C:\Users\marcs\Videos\ImageDatabase\TTRPG-ImageDatabase\Images\(1) X 369.jpeg","(1) X 369.jpeg"
"97","C:\Users\marcs\Videos\ImageDatabase\TTRPG-ImageDatabase\Images\(1) X 370.jpeg","(1) X 370.jpeg"
"98","C:\Users\marcs\Videos\ImageDatabase\TTRPG-ImageDatabase\Images\(1) X 371.jpeg","(1) X 371.jpeg"
"99","C:\Users\marcs\Videos\ImageDatabase\TTRPG-ImageDatabase\Images\(1) X 372.jpeg","(1) X 372.jpeg"
"100","C:\Users\marcs\Videos\ImageDatabase\TTRPG-ImageDatabase\Images\(1) X 373.jpeg","(1) X 373.jpeg"
"101","C:\Users\marcs\Videos\ImageDatabase\TTRPG-ImageDatabase\Images\(1) X 374.jpeg","(1) X 374.jpeg"
"102","C:\Users\marcs\Videos\ImageDatabase\TTRPG-ImageDatabase\Images\(1) X 375.jpeg","(1) X 375.jpeg"
"103","C:\Users\marcs\Videos\ImageDatabase\TTRPG-ImageDatabase\Images\(1) X 376.jpeg","(1) X 376.jpeg"
"104","C:\Users\marcs\Videos\ImageDatabase\TTRPG-ImageDatabase\Images\(1) X 377.jpeg","(1) X 377.jpeg"
"105","C:\Users\marcs\Videos\ImageDatabase\TTRPG-ImageDatabase\Images\(1) X 378.jpeg","(1) X 378.jpeg"
"106","C:\Users\marcs\Videos\ImageDatabase\TTRPG-ImageDatabase\Images\(1) X 383.jpeg","(1) X 383.jpeg"
"107","C:\Users\marcs\Videos\ImageDatabase\TTRPG-ImageDatabase\Images\(1) X 384.jpeg","(1) X 384.jpeg"
"108","C:\Users\marcs\Videos\ImageDatabase\TTRPG-ImageDatabase\Images\(1) X 386.jpeg","(1) X 386.jpeg"
"109","C:\Users\marcs\Videos\ImageDatabase\TTRPG-ImageDatabase\Images\(1) X 387.jpeg","(1) X 387.jpeg"
"110","C:\Users\marcs\Videos\ImageDatabase\TTRPG-ImageDatabase\Images\(1) X 388.jpeg","(1) X 388.jpeg"
"111","C:\Users\marcs\Videos\ImageDatabase\TTRPG-ImageDatabase\Images\(1) X 389.jpeg","(1) X 389.jpeg"
"112","C:\Users\marcs\Videos\ImageDatabase\TTRPG-ImageDatabase\Images\(1) X 391.jpeg","(1) X 391.jpeg"
"113","C:\Users\marcs\Videos\ImageDatabase\TTRPG-ImageDatabase\Images\(1) X 392.jpeg","(1) X 392.jpeg"
"114","C:\Users\marcs\Videos\ImageDatabase\TTRPG-ImageDatabase\Images\(1) X 393.jpeg","(1) X 393.jpeg"
"115","C:\Users\marcs\Videos\ImageDatabase\TTRPG-ImageDatabase\Images\(1) X 394.jpeg","(1) X 394.jpeg"
"116","C:\Users\marcs\Videos\ImageDatabase\TTRPG-ImageDatabase\Images\(1) X 396.jpeg","(1) X 396.jpeg"
"117","C:\Users\marcs\Videos\ImageDatabase\TTRPG-ImageDatabase\Images\(1) X 397.jpeg","(1) X 397.jpeg"
"118","C:\Users\marcs\Videos\ImageDatabase\TTRPG-ImageDatabase\Images\(1) X 398.jpeg","(1) X 398.jpeg"
"119","C:\Users\marcs\Videos\ImageDatabase\TTRPG-ImageDatabase\Images\(1) X 399.jpeg","(1) X 399.jpeg"
"120","C:\Users\marcs\Videos\ImageDatabase\TTRPG-ImageDatabase\Images\(1) X 400.jpeg","(1) X 400.jpeg"
"121","C:\Users\marcs\Videos\ImageDatabase\TTRPG-ImageDatabase\Images\(1) X 401.jpeg","(1) X 401.jpeg"
"122","C:\Users\marcs\Videos\ImageDatabase\TTRPG-ImageDatabase\Images\(1) X 402.jpeg","(1) X 402.jpeg"
"123","C:\Users\marcs\Videos\ImageDatabase\TTRPG-ImageDatabase\Images\(1) X 403.jpeg","(1) X 403.jpeg"
"124","C:\Users\marcs\Videos\ImageDatabase\TTRPG-ImageDatabase\Images\(1) X 404.jpeg","(1) X 404.jpeg"
"125","C:\Users\marcs\Videos\ImageDatabase\TTRPG-ImageDatabase\Images\(1) X 405.jpeg","(1) X 405.jpeg"
"126","C:\Users\marcs\Videos\ImageDatabase\TTRPG-ImageDatabase\Images\(1) X 406.jpeg","(1) X 406.jpeg"
"127","C:\Users\marcs\Videos\ImageDatabase\TTRPG-ImageDatabase\Images\(1) X 407.jpeg","(1) X 407.jpeg"
"128","C:\Users\marcs\Videos\ImageDatabase\TTRPG-ImageDatabase\Images\(1) X 408.jpeg","(1) X 408.jpeg"
"129","C:\Users\marcs\Videos\ImageDatabase\TTRPG-ImageDatabase\Images\(1) X 409.jpeg","(1) X 409.jpeg"
"130","C:\Users\marcs\Videos\ImageDatabase\TTRPG-ImageDatabase\Images\(1) X 410.jpeg","(1) X 410.jpeg"
"131","C:\Users\marcs\Videos\ImageDatabase\TTRPG-ImageDatabase\Images\(1) X 411.jpeg","(1) X 411.jpeg"
"132","C:\Users\marcs\Videos\ImageDatabase\TTRPG-ImageDatabase\Images\(1) X 412.jpeg","(1) X 412.jpeg"
"133","C:\Users\marcs\Videos\ImageDatabase\TTRPG-ImageDatabase\Images\(1) X 413.jpeg","(1) X 413.jpeg"
"134","C:\Users\marcs\Videos\ImageDatabase\TTRPG-ImageDatabase\Images\(1) X 414.jpeg","(1) X 414.jpeg"
"135","C:\Users\marcs\Videos\ImageDatabase\TTRPG-ImageDatabase\Images\(1) X 415.jpeg","(1) X 415.jpeg"
"136","C:\Users\marcs\Videos\ImageDatabase\TTRPG-ImageDatabase\Images\(1) X 416.jpeg","(1) X 416.jpeg"
"137","C:\Users\marcs\Videos\ImageDatabase\TTRPG-ImageDatabase\Images\(1) X 417.jpeg","(1) X 417.jpeg"
"138","C:\Users\marcs\Videos\ImageDatabase\TTRPG-ImageDatabase\Images\(1) X 418.jpeg","(1) X 418.jpeg"
"139","C:\Users\marcs\Videos\ImageDatabase\TTRPG-ImageDatabase\Images\(1) X 419.jpeg","(1) X 419.jpeg"
"140","C:\Users\marcs\Videos\ImageDatabase\TTRPG-ImageDatabase\Images\(1) X.png","(1) X.png"
"141","C:\Users\marcs\Videos\ImageDatabase\TTRPG-ImageDatabase\Images\(2) Home _ X 2.jpeg","(2) Home _ X 2.jpeg"
"142","C:\Users\marcs\Videos\ImageDatabase\TTRPG-ImageDatabase\Images\001ebb49fc91bc23de7d0400c6b7c8d3.jpeg","001ebb49fc91bc23de7d0400c6b7c8d3.jpeg"
"143","C:\Users\marcs\Videos\ImageDatabase\TTRPG-ImageDatabase\Images\0164086bdece080f75226e93a03f23a2.jpeg","0164086bdece080f75226e93a03f23a2.jpeg"
"144","C:\Users\marcs\Videos\ImageDatabase\TTRPG-ImageDatabase\Images\06ik32xnz7jg1.jpeg","06ik32xnz7jg1.jpeg"
"145","C:\Users\marcs\Videos\ImageDatabase\TTRPG-ImageDatabase\Images\15_Fletcher_Vertical_FINAL.png","15_Fletcher_Vertical_FINAL.png"
"146","C:\Users\marcs\Videos\ImageDatabase\TTRPG-ImageDatabase\Images\16cccrbun3ag1.jpeg","16cccrbun3ag1.jpeg"
"147","C:\Users\marcs\Videos\ImageDatabase\TTRPG-ImageDatabase\Images\17_Vidara_Gateforge_FINAL.png","17_Vidara_Gateforge_FINAL.png"
"148","C:\Users\marcs\Videos\ImageDatabase\TTRPG-ImageDatabase\Images\2a0qevouuxlg1.jpeg","2a0qevouuxlg1.jpeg"
"149","C:\Users\marcs\Videos\ImageDatabase\TTRPG-ImageDatabase\Images\2e32b1d107b5d75540e2add3d1df6a6d.jpeg","2e32b1d107b5d75540e2add3d1df6a6d.jpeg"
"150","C:\Users\marcs\Videos\ImageDatabase\TTRPG-ImageDatabase\Images\2e85j8r13ayd1.png","2e85j8r13ayd1.png"
"151","C:\Users\marcs\Videos\ImageDatabase\TTRPG-ImageDatabase\Images\2hthwgygezjf1.jpeg","2hthwgygezjf1.jpeg"
"152","C:\Users\marcs\Videos\ImageDatabase\TTRPG-ImageDatabase\Images\38hptt3ij12g1.jpeg","38hptt3ij12g1.jpeg"
"153","C:\Users\marcs\Videos\ImageDatabase\TTRPG-ImageDatabase\Images\3a19fb625e478354751bc02ad810a892.jpeg","3a19fb625e478354751bc02ad810a892.jpeg"
"154","C:\Users\marcs\Videos\ImageDatabase\TTRPG-ImageDatabase\Images\3d9d3a54cedae0108e335142cd7b97d8.jpeg","3d9d3a54cedae0108e335142cd7b97d8.jpeg"
"155","C:\Users\marcs\Videos\ImageDatabase\TTRPG-ImageDatabase\Images\3q5mzb5bv7tf1.jpeg","3q5mzb5bv7tf1.jpeg"
"156","C:\Users\marcs\Videos\ImageDatabase\TTRPG-ImageDatabase\Images\5o674u5domhg1.jpeg","5o674u5domhg1.jpeg"
"157","C:\Users\marcs\Videos\ImageDatabase\TTRPG-ImageDatabase\Images\5y3b2k3655nf1.jpeg","5y3b2k3655nf1.jpeg"
"158","C:\Users\marcs\Videos\ImageDatabase\TTRPG-ImageDatabase\Images\629134ba3052c9492d638108eb3c1076.jpeg","629134ba3052c9492d638108eb3c1076.jpeg"
"159","C:\Users\marcs\Videos\ImageDatabase\TTRPG-ImageDatabase\Images\6e29p8wtj1kf1.jpeg","6e29p8wtj1kf1.jpeg"
"160","C:\Users\marcs\Videos\ImageDatabase\TTRPG-ImageDatabase\Images\6znmxwnugmjf1.png","6znmxwnugmjf1.png"
"161","C:\Users\marcs\Videos\ImageDatabase\TTRPG-ImageDatabase\Images\76by26mweatf1.png","76by26mweatf1.png"
"162","C:\Users\marcs\Videos\ImageDatabase\TTRPG-ImageDatabase\Images\795ctxp6yhvf1.jpeg","795ctxp6yhvf1.jpeg"
"163","C:\Users\marcs\Videos\ImageDatabase\TTRPG-ImageDatabase\Images\7maagz8y8ylf1.jpeg","7maagz8y8ylf1.jpeg"
"164","C:\Users\marcs\Videos\ImageDatabase\TTRPG-ImageDatabase\Images\7xlo9cazfcnf1.jpeg","7xlo9cazfcnf1.jpeg"
"165","C:\Users\marcs\Videos\ImageDatabase\TTRPG-ImageDatabase\Images\800kxns2fe4g1.png","800kxns2fe4g1.png"
"166","C:\Users\marcs\Videos\ImageDatabase\TTRPG-ImageDatabase\Images\9raq7a4anojf1.png","9raq7a4anojf1.png"
"167","C:\Users\marcs\Videos\ImageDatabase\TTRPG-ImageDatabase\Images\a0acee9463d0a484129672163b2ec527.jpeg","a0acee9463d0a484129672163b2ec527.jpeg"
"168","C:\Users\marcs\Videos\ImageDatabase\TTRPG-ImageDatabase\Images\a9h1nlkyp0of1.jpeg","a9h1nlkyp0of1.jpeg"
"169","C:\Users\marcs\Videos\ImageDatabase\TTRPG-ImageDatabase\Images\aahwk34ztjmf1.jpeg","aahwk34ztjmf1.jpeg"
"170","C:\Users\marcs\Videos\ImageDatabase\TTRPG-ImageDatabase\Images\anastasia-fedorova-eleanor-fin.jpeg","anastasia-fedorova-eleanor-fin.jpeg"
"171","C:\Users\marcs\Videos\ImageDatabase\TTRPG-ImageDatabase\Images\artem-cheshirsky-9.jpeg","artem-cheshirsky-9.jpeg"
"172","C:\Users\marcs\Videos\ImageDatabase\TTRPG-ImageDatabase\Images\astelia-the-blazing-temptress-linanoa-v0-vmgc39uj433g1.jpeg","astelia-the-blazing-temptress-linanoa-v0-vmgc39uj433g1.jpeg"
"173","C:\Users\marcs\Videos\ImageDatabase\TTRPG-ImageDatabase\Images\bartol-rendulic-801-cpt-spaceships-anacreoncorvette-v10-11-20190716-br.jpg (JPEG-Grafik_ 1920___1280 Pixel).undefined","bartol-rendulic-801-cpt-spaceships-anacreoncorvette-v10-11-20190716-br.jpg (JPEG-Grafik_ 1920___1280 Pixel).undefined"
"174","C:\Users\marcs\Videos\ImageDatabase\TTRPG-ImageDatabase\Images\bdzdjzbuho4g1.jpeg","bdzdjzbuho4g1.jpeg"
"175","C:\Users\marcs\Videos\ImageDatabase\TTRPG-ImageDatabase\Images\ben-mcentee-co-student-3.jpeg","ben-mcentee-co-student-3.jpeg"
"176","C:\Users\marcs\Videos\ImageDatabase\TTRPG-ImageDatabase\Images\c0tbiqfb1i2g1.png","c0tbiqfb1i2g1.png"
"177","C:\Users\marcs\Videos\ImageDatabase\TTRPG-ImageDatabase\Images\c9n00etlrs4g1.jpeg","c9n00etlrs4g1.jpeg"
"178","C:\Users\marcs\Videos\ImageDatabase\TTRPG-ImageDatabase\Images\ccwrejm76wmf1.jpeg","ccwrejm76wmf1.jpeg"
"179","C:\Users\marcs\Videos\ImageDatabase\TTRPG-ImageDatabase\Images\ch62imvcio0g1.jpeg","ch62imvcio0g1.jpeg"
"180","C:\Users\marcs\Videos\ImageDatabase\TTRPG-ImageDatabase\Images\cm2unwqvhm2g1.jpeg","cm2unwqvhm2g1.jpeg"
"181","C:\Users\marcs\Videos\ImageDatabase\TTRPG-ImageDatabase\Images\d2nlweo6uykf1.png","d2nlweo6uykf1.png"
"182","C:\Users\marcs\Videos\ImageDatabase\TTRPG-ImageDatabase\Images\d3dant5c7rjg1.jpeg","d3dant5c7rjg1.jpeg"
"183","C:\Users\marcs\Videos\ImageDatabase\TTRPG-ImageDatabase\Images\d3sskij3vnxf1.jpeg","d3sskij3vnxf1.jpeg"
"184","C:\Users\marcs\Videos\ImageDatabase\TTRPG-ImageDatabase\Images\dshnsjytx6jf1.jpeg","dshnsjytx6jf1.jpeg"
"185","C:\Users\marcs\Videos\ImageDatabase\TTRPG-ImageDatabase\Images\e5zd5op88snf1.png","e5zd5op88snf1.png"
"186","C:\Users\marcs\Videos\ImageDatabase\TTRPG-ImageDatabase\Images\f4let7mxuvuf1.jpeg","f4let7mxuvuf1.jpeg"
"187","C:\Users\marcs\Videos\ImageDatabase\TTRPG-ImageDatabase\Images\f8faegolaljf1.jpeg","f8faegolaljf1.jpeg"
"188","C:\Users\marcs\Videos\ImageDatabase\TTRPG-ImageDatabase\Images\fcf2c3f788b6b54d2d3c70fcbca3cc48.jpeg","fcf2c3f788b6b54d2d3c70fcbca3cc48.jpeg"
"189","C:\Users\marcs\Videos\ImageDatabase\TTRPG-ImageDatabase\Images\fr6hdk963fjg1.jpeg","fr6hdk963fjg1.jpeg"
"190","C:\Users\marcs\Videos\ImageDatabase\TTRPG-ImageDatabase\Images\h1q5cpk3semf1.jpeg","h1q5cpk3semf1.jpeg"
"191","C:\Users\marcs\Videos\ImageDatabase\TTRPG-ImageDatabase\Images\HB7jvPDWYAANr_t.jpg (JPEG-Grafik_ 1560___1920 Pixel) - Skaliert (41_).jpeg","HB7jvPDWYAANr_t.jpg (JPEG-Grafik_ 1560___1920 Pixel) - Skaliert (41_).jpeg"
"192","C:\Users\marcs\Videos\ImageDatabase\TTRPG-ImageDatabase\Images\HB7jx8HWsAAc5gD.jpg (JPEG-Grafik_ 1200___1200 Pixel) - Skaliert (66_).jpeg","HB7jx8HWsAAc5gD.jpg (JPEG-Grafik_ 1200___1200 Pixel) - Skaliert (66_).jpeg"
"193","C:\Users\marcs\Videos\ImageDatabase\TTRPG-ImageDatabase\Images\HB7jx8KWgAAO9R0.jpg (JPEG-Grafik_ 900___1200 Pixel) - Skaliert (66_).jpeg","HB7jx8KWgAAO9R0.jpg (JPEG-Grafik_ 900___1200 Pixel) - Skaliert (66_).jpeg"
"194","C:\Users\marcs\Videos\ImageDatabase\TTRPG-ImageDatabase\Images\HB7jx8QWwAAc-Wn.jpg (JPEG-Grafik_ 1200___1200 Pixel) - Skaliert (66_).jpeg","HB7jx8QWwAAc-Wn.jpg (JPEG-Grafik_ 1200___1200 Pixel) - Skaliert (66_).jpeg"
"195","C:\Users\marcs\Videos\ImageDatabase\TTRPG-ImageDatabase\Images\hh60jptxpwjg1.jpeg","hh60jptxpwjg1.jpeg"
"196","C:\Users\marcs\Videos\ImageDatabase\TTRPG-ImageDatabase\Images\illustration-and-ch-cover-of-an-elf-lady-from-my-dark-v0-m4e0w5d8lzfg1.png","illustration-and-ch-cover-of-an-elf-lady-from-my-dark-v0-m4e0w5d8lzfg1.png"
"197","C:\Users\marcs\Videos\ImageDatabase\TTRPG-ImageDatabase\Images\im5c4k27mykf1.jpeg","im5c4k27mykf1.jpeg"
"198","C:\Users\marcs\Videos\ImageDatabase\TTRPG-ImageDatabase\Images\interrupted-studies-by-v0-ll34ogbn2n2g1.jpeg","interrupted-studies-by-v0-ll34ogbn2n2g1.jpeg"
"199","C:\Users\marcs\Videos\ImageDatabase\TTRPG-ImageDatabase\Images\iponysrs9cnf1.jpeg","iponysrs9cnf1.jpeg"
"200","C:\Users\marcs\Videos\ImageDatabase\TTRPG-ImageDatabase\Images\iwy0im5flk4g1.jpeg","iwy0im5flk4g1.jpeg"
"201","C:\Users\marcs\Videos\ImageDatabase\TTRPG-ImageDatabase\Images\j5cis5dgdowf1.jpeg","j5cis5dgdowf1.jpeg"
"202","C:\Users\marcs\Videos\ImageDatabase\TTRPG-ImageDatabase\Images\j767nmx2q9lg1.png","j767nmx2q9lg1.png"
"203","C:\Users\marcs\Videos\ImageDatabase\TTRPG-ImageDatabase\Images\jay9mvhin03g1.jpeg","jay9mvhin03g1.jpeg"
"204","C:\Users\marcs\Videos\ImageDatabase\TTRPG-ImageDatabase\Images\jessica-jones-august-ref-sheet-2a.jpg (JPEG-Grafik_ 1300___1119 Pixel).undefined","jessica-jones-august-ref-sheet-2a.jpg (JPEG-Grafik_ 1300___1119 Pixel).undefined"
"205","C:\Users\marcs\Videos\ImageDatabase\TTRPG-ImageDatabase\Images\jf55g4y36n3g1.jpeg","jf55g4y36n3g1.jpeg"
"206","C:\Users\marcs\Videos\ImageDatabase\TTRPG-ImageDatabase\Images\k0hxnet4zv3g1.jpeg","k0hxnet4zv3g1.jpeg"
"207","C:\Users\marcs\Videos\ImageDatabase\TTRPG-ImageDatabase\Images\kfdm6rdqdg4g1.jpeg","kfdm6rdqdg4g1.jpeg"
"208","C:\Users\marcs\Videos\ImageDatabase\TTRPG-ImageDatabase\Images\li-wenda-4331d042-c779-4c57-acx-7b3b3c0d9e2c.jpeg","li-wenda-4331d042-c779-4c57-acx-7b3b3c0d9e2c.jpeg"
"209","C:\Users\marcs\Videos\ImageDatabase\TTRPG-ImageDatabase\Images\m3um3w23vc3g1.jpeg","m3um3w23vc3g1.jpeg"
"210","C:\Users\marcs\Videos\ImageDatabase\TTRPG-ImageDatabase\Images\maria-pechenkina-hiraeth1.jpeg","maria-pechenkina-hiraeth1.jpeg"
"211","C:\Users\marcs\Videos\ImageDatabase\TTRPG-ImageDatabase\Images\mvco1wbpjoxf1.png","mvco1wbpjoxf1.png"
"212","C:\Users\marcs\Videos\ImageDatabase\TTRPG-ImageDatabase\Images\n9jupey6304g1.jpeg","n9jupey6304g1.jpeg"
"213","C:\Users\marcs\Videos\ImageDatabase\TTRPG-ImageDatabase\Images\naranbaatar-ganbold-saber-as.jpeg","naranbaatar-ganbold-saber-as.jpeg"
"214","C:\Users\marcs\Videos\ImageDatabase\TTRPG-ImageDatabase\Images\noir-dadda-adadx.jpeg","noir-dadda-adadx.jpeg"
"215","C:\Users\marcs\Videos\ImageDatabase\TTRPG-ImageDatabase\Images\obmf8853dvhg1.jpeg","obmf8853dvhg1.jpeg"
"216","C:\Users\marcs\Videos\ImageDatabase\TTRPG-ImageDatabase\Images\ouu2hhj7hbkf1.jpeg","ouu2hhj7hbkf1.jpeg"
"217","C:\Users\marcs\Videos\ImageDatabase\TTRPG-ImageDatabase\Images\oxana-reshetina-grqzdkdxmaa8ybd.jpeg","oxana-reshetina-grqzdkdxmaa8ybd.jpeg"
"218","C:\Users\marcs\Videos\ImageDatabase\TTRPG-ImageDatabase\Images\paintings-by-raja-nandepu-v0-65cauyn8km3g1.jpeg","paintings-by-raja-nandepu-v0-65cauyn8km3g1.jpeg"
"219","C:\Users\marcs\Videos\ImageDatabase\TTRPG-ImageDatabase\Images\paintings-by-raja-nandepu-v0-o6pimph6km3g1.jpeg","paintings-by-raja-nandepu-v0-o6pimph6km3g1.jpeg"
"220","C:\Users\marcs\Videos\ImageDatabase\TTRPG-ImageDatabase\Images\paintings-by-raja-nandepu-v0-z6llmmhbkm3g1.jpeg","paintings-by-raja-nandepu-v0-z6llmmhbkm3g1.jpeg"
"221","C:\Users\marcs\Videos\ImageDatabase\TTRPG-ImageDatabase\Images\pawel-breshke-czyzewski-artist-template-blackrazor.jpg (JPEG-Grafik_ 1920___1080 Pixel) 1.undefined","pawel-breshke-czyzewski-artist-template-blackrazor.jpg (JPEG-Grafik_ 1920___1080 Pixel) 1.undefined"
"222","C:\Users\marcs\Videos\ImageDatabase\TTRPG-ImageDatabase\Images\pawel-breshke-czyzewski-artist-template-blackrazor.jpg (JPEG-Grafik_ 1920___1080 Pixel).undefined","pawel-breshke-czyzewski-artist-template-blackrazor.jpg (JPEG-Grafik_ 1920___1080 Pixel).undefined"
"223","C:\Users\marcs\Videos\ImageDatabase\TTRPG-ImageDatabase\Images\pm9ekt8tokfa1.jpeg","pm9ekt8tokfa1.jpeg"
"224","C:\Users\marcs\Videos\ImageDatabase\TTRPG-ImageDatabase\Images\putawtrmso4a1.jpeg","putawtrmso4a1.jpeg"
"225","C:\Users\marcs\Videos\ImageDatabase\TTRPG-ImageDatabase\Images\Rachel Denton _ (_Tallinier) _ X 1.jpeg","Rachel Denton _ (_Tallinier) _ X 1.jpeg"
"226","C:\Users\marcs\Videos\ImageDatabase\TTRPG-ImageDatabase\Images\Rachel Denton _ (_Tallinier) _ X 10.jpeg","Rachel Denton _ (_Tallinier) _ X 10.jpeg"
"227","C:\Users\marcs\Videos\ImageDatabase\TTRPG-ImageDatabase\Images\Rachel Denton _ (_Tallinier) _ X 11.jpeg","Rachel Denton _ (_Tallinier) _ X 11.jpeg"
"228","C:\Users\marcs\Videos\ImageDatabase\TTRPG-ImageDatabase\Images\Rachel Denton _ (_Tallinier) _ X 12.jpeg","Rachel Denton _ (_Tallinier) _ X 12.jpeg"
"229","C:\Users\marcs\Videos\ImageDatabase\TTRPG-ImageDatabase\Images\Rachel Denton _ (_Tallinier) _ X 13.jpeg","Rachel Denton _ (_Tallinier) _ X 13.jpeg"
"230","C:\Users\marcs\Videos\ImageDatabase\TTRPG-ImageDatabase\Images\Rachel Denton _ (_Tallinier) _ X 14.jpeg","Rachel Denton _ (_Tallinier) _ X 14.jpeg"
"231","C:\Users\marcs\Videos\ImageDatabase\TTRPG-ImageDatabase\Images\Rachel Denton _ (_Tallinier) _ X 15.jpeg","Rachel Denton _ (_Tallinier) _ X 15.jpeg"
"232","C:\Users\marcs\Videos\ImageDatabase\TTRPG-ImageDatabase\Images\Rachel Denton _ (_Tallinier) _ X 2.jpeg","Rachel Denton _ (_Tallinier) _ X 2.jpeg"
"233","C:\Users\marcs\Videos\ImageDatabase\TTRPG-ImageDatabase\Images\Rachel Denton _ (_Tallinier) _ X 4.jpeg","Rachel Denton _ (_Tallinier) _ X 4.jpeg"
"234","C:\Users\marcs\Videos\ImageDatabase\TTRPG-ImageDatabase\Images\Rachel Denton _ (_Tallinier) _ X 5.jpeg","Rachel Denton _ (_Tallinier) _ X 5.jpeg"
"235","C:\Users\marcs\Videos\ImageDatabase\TTRPG-ImageDatabase\Images\Rachel Denton _ (_Tallinier) _ X 7.jpeg","Rachel Denton _ (_Tallinier) _ X 7.jpeg"
"236","C:\Users\marcs\Videos\ImageDatabase\TTRPG-ImageDatabase\Images\Rachel Denton _ (_Tallinier) _ X 8.jpeg","Rachel Denton _ (_Tallinier) _ X 8.jpeg"
"237","C:\Users\marcs\Videos\ImageDatabase\TTRPG-ImageDatabase\Images\Rachel Denton _ (_Tallinier) _ X 9.jpeg","Rachel Denton _ (_Tallinier) _ X 9.jpeg"
"238","C:\Users\marcs\Videos\ImageDatabase\TTRPG-ImageDatabase\Images\Rachel Denton _ (_Tallinier) _ X.jpeg","Rachel Denton _ (_Tallinier) _ X.jpeg"
"239","C:\Users\marcs\Videos\ImageDatabase\TTRPG-ImageDatabase\Images\Rachel Denton _ auf X_ _A Tiefling named Kindle for a commissioner_ I always love painting tiefs __ https___t.co_SRd2qKKGEm_ _ X.jpeg","Rachel Denton _ auf X_ _A Tiefling named Kindle for a commissioner_ I always love painting tiefs __ https___t.co_SRd2qKKGEm_ _ X.jpeg"
"240","C:\Users\marcs\Videos\ImageDatabase\TTRPG-ImageDatabase\Images\rellana__twin_moon_knight_by_captnbirb_dkcw0z4-414w-2x.jpeg","rellana__twin_moon_knight_by_captnbirb_dkcw0z4-414w-2x.jpeg"
"241","C:\Users\marcs\Videos\ImageDatabase\TTRPG-ImageDatabase\Images\royal-nine- 1.jpeg","royal-nine- 1.jpeg"
"242","C:\Users\marcs\Videos\ImageDatabase\TTRPG-ImageDatabase\Images\royal-nine- 2.jpeg","royal-nine- 2.jpeg"
"243","C:\Users\marcs\Videos\ImageDatabase\TTRPG-ImageDatabase\Images\royal-nine- 3.jpeg","royal-nine- 3.jpeg"
"244","C:\Users\marcs\Videos\ImageDatabase\TTRPG-ImageDatabase\Images\royal-nine- 4.jpeg","royal-nine- 4.jpeg"
"245","C:\Users\marcs\Videos\ImageDatabase\TTRPG-ImageDatabase\Images\royal-nine- 5.jpeg","royal-nine- 5.jpeg"
"246","C:\Users\marcs\Videos\ImageDatabase\TTRPG-ImageDatabase\Images\royal-nine- 6.jpeg","royal-nine- 6.jpeg"
"247","C:\Users\marcs\Videos\ImageDatabase\TTRPG-ImageDatabase\Images\royal-nine- 7.jpeg","royal-nine- 7.jpeg"
"248","C:\Users\marcs\Videos\ImageDatabase\TTRPG-ImageDatabase\Images\royal-nine- 8.jpeg","royal-nine- 8.jpeg"
"249","C:\Users\marcs\Videos\ImageDatabase\TTRPG-ImageDatabase\Images\royal-nine-.jpeg","royal-nine-.jpeg"
"250","C:\Users\marcs\Videos\ImageDatabase\TTRPG-ImageDatabase\Images\royal-nine-1 1.jpeg","royal-nine-1 1.jpeg"
"251","C:\Users\marcs\Videos\ImageDatabase\TTRPG-ImageDatabase\Images\royal-nine-1.jpeg","royal-nine-1.jpeg"
"252","C:\Users\marcs\Videos\ImageDatabase\TTRPG-ImageDatabase\Images\royal-nine-2.jpeg","royal-nine-2.jpeg"
"253","C:\Users\marcs\Videos\ImageDatabase\TTRPG-ImageDatabase\Images\royal-nine-3.webp","royal-nine-3.webp"
"254","C:\Users\marcs\Videos\ImageDatabase\TTRPG-ImageDatabase\Images\rprz6544mr1g1.jpeg","rprz6544mr1g1.jpeg"
"255","C:\Users\marcs\Videos\ImageDatabase\TTRPG-ImageDatabase\Images\rrleno5eha0g1.jpeg","rrleno5eha0g1.jpeg"
"256","C:\Users\marcs\Videos\ImageDatabase\TTRPG-ImageDatabase\Images\rumzu42v390g1.jpeg","rumzu42v390g1.jpeg"
"257","C:\Users\marcs\Videos\ImageDatabase\TTRPG-ImageDatabase\Images\rw8x2k666cnf1.jpeg","rw8x2k666cnf1.jpeg"
"258","C:\Users\marcs\Videos\ImageDatabase\TTRPG-ImageDatabase\Images\s4dtoaheyg3g1.jpeg","s4dtoaheyg3g1.jpeg"
"259","C:\Users\marcs\Videos\ImageDatabase\TTRPG-ImageDatabase\Images\sam-brooks-femalecharacterredo.jpeg","sam-brooks-femalecharacterredo.jpeg"
"260","C:\Users\marcs\Videos\ImageDatabase\TTRPG-ImageDatabase\Images\simon-wu-d52cea7d5d97aa9fa6d3fa55864bea53.jpeg","simon-wu-d52cea7d5d97aa9fa6d3fa55864bea53.jpeg"
"261","C:\Users\marcs\Videos\ImageDatabase\TTRPG-ImageDatabase\Images\sketches-by-wang-xiao-v0-er44skbgv0jf1.jpeg","sketches-by-wang-xiao-v0-er44skbgv0jf1.jpeg"
"262","C:\Users\marcs\Videos\ImageDatabase\TTRPG-ImageDatabase\Images\sketches-by-wang-xiao-v0-iv1by2kfv0jf1.jpeg","sketches-by-wang-xiao-v0-iv1by2kfv0jf1.jpeg"
"263","C:\Users\marcs\Videos\ImageDatabase\TTRPG-ImageDatabase\Images\sloth-being-204147199-1782888635246720-4378528716289064706-n.jpeg","sloth-being-204147199-1782888635246720-4378528716289064706-n.jpeg"
"264","C:\Users\marcs\Videos\ImageDatabase\TTRPG-ImageDatabase\Images\sloth-being-fixed.jpeg","sloth-being-fixed.jpeg"
"265","C:\Users\marcs\Videos\ImageDatabase\TTRPG-ImageDatabase\Images\sloth-being-study-1.jpeg","sloth-being-study-1.jpeg"
"266","C:\Users\marcs\Videos\ImageDatabase\TTRPG-ImageDatabase\Images\sloth-being-untitled-1-copy-5.jpeg","sloth-being-untitled-1-copy-5.jpeg"
"267","C:\Users\marcs\Videos\ImageDatabase\TTRPG-ImageDatabase\Images\t9zz36jw8nlg1.png","t9zz36jw8nlg1.png"
"268","C:\Users\marcs\Videos\ImageDatabase\TTRPG-ImageDatabase\Images\ttwhsibf46uf1.png","ttwhsibf46uf1.png"
"269","C:\Users\marcs\Videos\ImageDatabase\TTRPG-ImageDatabase\Images\ugdcnqtzt2wf1.jpeg","ugdcnqtzt2wf1.jpeg"
"270","C:\Users\marcs\Videos\ImageDatabase\TTRPG-ImageDatabase\Images\v8vrykbi0enf1.jpeg","v8vrykbi0enf1.jpeg"
"271","C:\Users\marcs\Videos\ImageDatabase\TTRPG-ImageDatabase\Images\vala-maelstrom-ally-and-cyberpsycho-netrunner-v0-6luiv8g5x8kg1.png","vala-maelstrom-ally-and-cyberpsycho-netrunner-v0-6luiv8g5x8kg1.png"
"272","C:\Users\marcs\Videos\ImageDatabase\TTRPG-ImageDatabase\Images\vala-maelstrom-ally-and-cyberpsycho-netrunner-v0-nhwrt8g5x8kg1.png","vala-maelstrom-ally-and-cyberpsycho-netrunner-v0-nhwrt8g5x8kg1.png"
"273","C:\Users\marcs\Videos\ImageDatabase\TTRPG-ImageDatabase\Images\vala-maelstrom-ally-and-cyberpsycho-netrunner-v0-r6jsd9g5x8kg1.png","vala-maelstrom-ally-and-cyberpsycho-netrunner-v0-r6jsd9g5x8kg1.png"
"274","C:\Users\marcs\Videos\ImageDatabase\TTRPG-ImageDatabase\Images\vala-maelstrom-ally-and-cyberpsycho-netrunner-v0-w89e69g5x8kg1.png","vala-maelstrom-ally-and-cyberpsycho-netrunner-v0-w89e69g5x8kg1.png"
"275","C:\Users\marcs\Videos\ImageDatabase\TTRPG-ImageDatabase\Images\viajenglobo-83woaBK9_SghCN8eq_LF_-af270e5d-0c47-4f09-a696-5934ce828e68.jpeg","viajenglobo-83woaBK9_SghCN8eq_LF_-af270e5d-0c47-4f09-a696-5934ce828e68.jpeg"
"276","C:\Users\marcs\Videos\ImageDatabase\TTRPG-ImageDatabase\Images\vjpgwlxgqx3g1.png","vjpgwlxgqx3g1.png"
"277","C:\Users\marcs\Videos\ImageDatabase\TTRPG-ImageDatabase\Images\vtm-character-art-by-me-a-gangrel-v0-n8r1u01azpqf1.jpeg","vtm-character-art-by-me-a-gangrel-v0-n8r1u01azpqf1.jpeg"
"278","C:\Users\marcs\Videos\ImageDatabase\TTRPG-ImageDatabase\Images\vtm-character-art-by-me-a-toreador-v0-ntsjir6gy9mf1.jpeg","vtm-character-art-by-me-a-toreador-v0-ntsjir6gy9mf1.jpeg"
"279","C:\Users\marcs\Videos\ImageDatabase\TTRPG-ImageDatabase\Images\wang-yuan-lin-1.jpeg","wang-yuan-lin-1.jpeg"
"280","C:\Users\marcs\Videos\ImageDatabase\TTRPG-ImageDatabase\Images\wu-sihui-img-20200219-004104-974.jpeg","wu-sihui-img-20200219-004104-974.jpeg"
"281","C:\Users\marcs\Videos\ImageDatabase\TTRPG-ImageDatabase\Images\X 1000.jpeg","X 1000.jpeg"
"282","C:\Users\marcs\Videos\ImageDatabase\TTRPG-ImageDatabase\Images\X 1001.jpeg","X 1001.jpeg"
"283","C:\Users\marcs\Videos\ImageDatabase\TTRPG-ImageDatabase\Images\X 1002.jpeg","X 1002.jpeg"
"284","C:\Users\marcs\Videos\ImageDatabase\TTRPG-ImageDatabase\Images\X 1003.jpeg","X 1003.jpeg"
"285","C:\Users\marcs\Videos\ImageDatabase\TTRPG-ImageDatabase\Images\X 1004.jpeg","X 1004.jpeg"
"286","C:\Users\marcs\Videos\ImageDatabase\TTRPG-ImageDatabase\Images\X 1005.jpeg","X 1005.jpeg"
"287","C:\Users\marcs\Videos\ImageDatabase\TTRPG-ImageDatabase\Images\X 1006.jpeg","X 1006.jpeg"
"288","C:\Users\marcs\Videos\ImageDatabase\TTRPG-ImageDatabase\Images\X 1007.jpeg","X 1007.jpeg"
"289","C:\Users\marcs\Videos\ImageDatabase\TTRPG-ImageDatabase\Images\X 1008.jpeg","X 1008.jpeg"
"290","C:\Users\marcs\Videos\ImageDatabase\TTRPG-ImageDatabase\Images\X 1009.jpeg","X 1009.jpeg"
"291","C:\Users\marcs\Videos\ImageDatabase\TTRPG-ImageDatabase\Images\X 1010.jpeg","X 1010.jpeg"
"292","C:\Users\marcs\Videos\ImageDatabase\TTRPG-ImageDatabase\Images\X 1011.jpeg","X 1011.jpeg"
"293","C:\Users\marcs\Videos\ImageDatabase\TTRPG-ImageDatabase\Images\X 1012.jpeg","X 1012.jpeg"
"294","C:\Users\marcs\Videos\ImageDatabase\TTRPG-ImageDatabase\Images\X 1013.jpeg","X 1013.jpeg"
"295","C:\Users\marcs\Videos\ImageDatabase\TTRPG-ImageDatabase\Images\X 1014.jpeg","X 1014.jpeg"
"296","C:\Users\marcs\Videos\ImageDatabase\TTRPG-ImageDatabase\Images\X 1015.jpeg","X 1015.jpeg"
"297","C:\Users\marcs\Videos\ImageDatabase\TTRPG-ImageDatabase\Images\X 1016.jpeg","X 1016.jpeg"
"298","C:\Users\marcs\Videos\ImageDatabase\TTRPG-ImageDatabase\Images\X 1017.jpeg","X 1017.jpeg"
"299","C:\Users\marcs\Videos\ImageDatabase\TTRPG-ImageDatabase\Images\X 1018.jpeg","X 1018.jpeg"
"300","C:\Users\marcs\Videos\ImageDatabase\TTRPG-ImageDatabase\Images\X 1019.jpeg","X 1019.jpeg"
"301","C:\Users\marcs\Videos\ImageDatabase\TTRPG-ImageDatabase\Images\X 1020.jpeg","X 1020.jpeg"
"302","C:\Users\marcs\Videos\ImageDatabase\TTRPG-ImageDatabase\Images\X 1021.jpeg","X 1021.jpeg"
"303","C:\Users\marcs\Videos\ImageDatabase\TTRPG-ImageDatabase\Images\X 1022.jpeg","X 1022.jpeg"
"304","C:\Users\marcs\Videos\ImageDatabase\TTRPG-ImageDatabase\Images\X 1023.jpeg","X 1023.jpeg"
"305","C:\Users\marcs\Videos\ImageDatabase\TTRPG-ImageDatabase\Images\X 1024.jpeg","X 1024.jpeg"
"306","C:\Users\marcs\Videos\ImageDatabase\TTRPG-ImageDatabase\Images\X 1025.jpeg","X 1025.jpeg"
"307","C:\Users\marcs\Videos\ImageDatabase\TTRPG-ImageDatabase\Images\X 1026.jpeg","X 1026.jpeg"
"308","C:\Users\marcs\Videos\ImageDatabase\TTRPG-ImageDatabase\Images\X 1027.jpeg","X 1027.jpeg"
"309","C:\Users\marcs\Videos\ImageDatabase\TTRPG-ImageDatabase\Images\X 1028.jpeg","X 1028.jpeg"
"310","C:\Users\marcs\Videos\ImageDatabase\TTRPG-ImageDatabase\Images\X 1029.jpeg","X 1029.jpeg"
"311","C:\Users\marcs\Videos\ImageDatabase\TTRPG-ImageDatabase\Images\X 1030.jpeg","X 1030.jpeg"
"312","C:\Users\marcs\Videos\ImageDatabase\TTRPG-ImageDatabase\Images\X 1031.jpeg","X 1031.jpeg"
"313","C:\Users\marcs\Videos\ImageDatabase\TTRPG-ImageDatabase\Images\X 1032.jpeg","X 1032.jpeg"
"314","C:\Users\marcs\Videos\ImageDatabase\TTRPG-ImageDatabase\Images\X 1033.jpeg","X 1033.jpeg"
"315","C:\Users\marcs\Videos\ImageDatabase\TTRPG-ImageDatabase\Images\X 1034.jpeg","X 1034.jpeg"
"316","C:\Users\marcs\Videos\ImageDatabase\TTRPG-ImageDatabase\Images\X 1035.jpeg","X 1035.jpeg"
"317","C:\Users\marcs\Videos\ImageDatabase\TTRPG-ImageDatabase\Images\X 1036.jpeg","X 1036.jpeg"
"318","C:\Users\marcs\Videos\ImageDatabase\TTRPG-ImageDatabase\Images\X 1037.jpeg","X 1037.jpeg"
"319","C:\Users\marcs\Videos\ImageDatabase\TTRPG-ImageDatabase\Images\X 1038.jpeg","X 1038.jpeg"
"320","C:\Users\marcs\Videos\ImageDatabase\TTRPG-ImageDatabase\Images\X 1039.jpeg","X 1039.jpeg"
"321","C:\Users\marcs\Videos\ImageDatabase\TTRPG-ImageDatabase\Images\X 1040.jpeg","X 1040.jpeg"
"322","C:\Users\marcs\Videos\ImageDatabase\TTRPG-ImageDatabase\Images\X 1041.jpeg","X 1041.jpeg"
"323","C:\Users\marcs\Videos\ImageDatabase\TTRPG-ImageDatabase\Images\X 1042.jpeg","X 1042.jpeg"
"324","C:\Users\marcs\Videos\ImageDatabase\TTRPG-ImageDatabase\Images\X 1043.jpeg","X 1043.jpeg"
"325","C:\Users\marcs\Videos\ImageDatabase\TTRPG-ImageDatabase\Images\X 1044.jpeg","X 1044.jpeg"
"326","C:\Users\marcs\Videos\ImageDatabase\TTRPG-ImageDatabase\Images\X 1045.jpeg","X 1045.jpeg"
"327","C:\Users\marcs\Videos\ImageDatabase\TTRPG-ImageDatabase\Images\X 1046.jpeg","X 1046.jpeg"
"328","C:\Users\marcs\Videos\ImageDatabase\TTRPG-ImageDatabase\Images\X 1047.jpeg","X 1047.jpeg"
"329","C:\Users\marcs\Videos\ImageDatabase\TTRPG-ImageDatabase\Images\X 1048.jpeg","X 1048.jpeg"
"330","C:\Users\marcs\Videos\ImageDatabase\TTRPG-ImageDatabase\Images\X 1049.jpeg","X 1049.jpeg"
"331","C:\Users\marcs\Videos\ImageDatabase\TTRPG-ImageDatabase\Images\X 1050.jpeg","X 1050.jpeg"
"332","C:\Users\marcs\Videos\ImageDatabase\TTRPG-ImageDatabase\Images\X 1051.jpeg","X 1051.jpeg"
"333","C:\Users\marcs\Videos\ImageDatabase\TTRPG-ImageDatabase\Images\X 1052.jpeg","X 1052.jpeg"
"334","C:\Users\marcs\Videos\ImageDatabase\TTRPG-ImageDatabase\Images\X 1053.jpeg","X 1053.jpeg"
"335","C:\Users\marcs\Videos\ImageDatabase\TTRPG-ImageDatabase\Images\X 1054.jpeg","X 1054.jpeg"
"336","C:\Users\marcs\Videos\ImageDatabase\TTRPG-ImageDatabase\Images\X 1055.jpeg","X 1055.jpeg"
"337","C:\Users\marcs\Videos\ImageDatabase\TTRPG-ImageDatabase\Images\X 1056.jpeg","X 1056.jpeg"
"338","C:\Users\marcs\Videos\ImageDatabase\TTRPG-ImageDatabase\Images\X 1057.jpeg","X 1057.jpeg"
"339","C:\Users\marcs\Videos\ImageDatabase\TTRPG-ImageDatabase\Images\X 1058.jpeg","X 1058.jpeg"
"340","C:\Users\marcs\Videos\ImageDatabase\TTRPG-ImageDatabase\Images\X 1059.jpeg","X 1059.jpeg"
"341","C:\Users\marcs\Videos\ImageDatabase\TTRPG-ImageDatabase\Images\X 1060.jpeg","X 1060.jpeg"
"342","C:\Users\marcs\Videos\ImageDatabase\TTRPG-ImageDatabase\Images\X 1061.jpeg","X 1061.jpeg"
"343","C:\Users\marcs\Videos\ImageDatabase\TTRPG-ImageDatabase\Images\X 1062.jpeg","X 1062.jpeg"
"344","C:\Users\marcs\Videos\ImageDatabase\TTRPG-ImageDatabase\Images\X 1063.jpeg","X 1063.jpeg"
"345","C:\Users\marcs\Videos\ImageDatabase\TTRPG-ImageDatabase\Images\X 1064.jpeg","X 1064.jpeg"
"346","C:\Users\marcs\Videos\ImageDatabase\TTRPG-ImageDatabase\Images\X 1065.jpeg","X 1065.jpeg"
"347","C:\Users\marcs\Videos\ImageDatabase\TTRPG-ImageDatabase\Images\X 1066.jpeg","X 1066.jpeg"
"348","C:\Users\marcs\Videos\ImageDatabase\TTRPG-ImageDatabase\Images\X 1067.jpeg","X 1067.jpeg"
"349","C:\Users\marcs\Videos\ImageDatabase\TTRPG-ImageDatabase\Images\X 1068.jpeg","X 1068.jpeg"
"350","C:\Users\marcs\Videos\ImageDatabase\TTRPG-ImageDatabase\Images\X 1069.jpeg","X 1069.jpeg"
"351","C:\Users\marcs\Videos\ImageDatabase\TTRPG-ImageDatabase\Images\X 1070.jpeg","X 1070.jpeg"
"352","C:\Users\marcs\Videos\ImageDatabase\TTRPG-ImageDatabase\Images\X 1071.jpeg","X 1071.jpeg"
"353","C:\Users\marcs\Videos\ImageDatabase\TTRPG-ImageDatabase\Images\X 1072.jpeg","X 1072.jpeg"
"354","C:\Users\marcs\Videos\ImageDatabase\TTRPG-ImageDatabase\Images\X 1073.jpeg","X 1073.jpeg"
"355","C:\Users\marcs\Videos\ImageDatabase\TTRPG-ImageDatabase\Images\X 1074.jpeg","X 1074.jpeg"
"356","C:\Users\marcs\Videos\ImageDatabase\TTRPG-ImageDatabase\Images\X 1075.jpeg","X 1075.jpeg"
"357","C:\Users\marcs\Videos\ImageDatabase\TTRPG-ImageDatabase\Images\X 1076.jpeg","X 1076.jpeg"
"358","C:\Users\marcs\Videos\ImageDatabase\TTRPG-ImageDatabase\Images\X 1077.jpeg","X 1077.jpeg"
"359","C:\Users\marcs\Videos\ImageDatabase\TTRPG-ImageDatabase\Images\X 1078.jpeg","X 1078.jpeg"
"360","C:\Users\marcs\Videos\ImageDatabase\TTRPG-ImageDatabase\Images\X 1079.jpeg","X 1079.jpeg"
"361","C:\Users\marcs\Videos\ImageDatabase\TTRPG-ImageDatabase\Images\X 1080.jpeg","X 1080.jpeg"
"362","C:\Users\marcs\Videos\ImageDatabase\TTRPG-ImageDatabase\Images\X 1081.jpeg","X 1081.jpeg"
"363","C:\Users\marcs\Videos\ImageDatabase\TTRPG-ImageDatabase\Images\X 1082.jpeg","X 1082.jpeg"
"364","C:\Users\marcs\Videos\ImageDatabase\TTRPG-ImageDatabase\Images\X 1083.jpeg","X 1083.jpeg"
"365","C:\Users\marcs\Videos\ImageDatabase\TTRPG-ImageDatabase\Images\X 1084.jpeg","X 1084.jpeg"
"366","C:\Users\marcs\Videos\ImageDatabase\TTRPG-ImageDatabase\Images\X 1085.jpeg","X 1085.jpeg"
"367","C:\Users\marcs\Videos\ImageDatabase\TTRPG-ImageDatabase\Images\X 1086.jpeg","X 1086.jpeg"
"368","C:\Users\marcs\Videos\ImageDatabase\TTRPG-ImageDatabase\Images\X 1087.jpeg","X 1087.jpeg"
"369","C:\Users\marcs\Videos\ImageDatabase\TTRPG-ImageDatabase\Images\X 1088.jpeg","X 1088.jpeg"
"370","C:\Users\marcs\Videos\ImageDatabase\TTRPG-ImageDatabase\Images\X 1089.jpeg","X 1089.jpeg"
"371","C:\Users\marcs\Videos\ImageDatabase\TTRPG-ImageDatabase\Images\X 1090.jpeg","X 1090.jpeg"
"372","C:\Users\marcs\Videos\ImageDatabase\TTRPG-ImageDatabase\Images\X 1091.jpeg","X 1091.jpeg"
"373","C:\Users\marcs\Videos\ImageDatabase\TTRPG-ImageDatabase\Images\X 1092.jpeg","X 1092.jpeg"
"374","C:\Users\marcs\Videos\ImageDatabase\TTRPG-ImageDatabase\Images\X 1093.jpeg","X 1093.jpeg"
"375","C:\Users\marcs\Videos\ImageDatabase\TTRPG-ImageDatabase\Images\X 1094.jpeg","X 1094.jpeg"
"376","C:\Users\marcs\Videos\ImageDatabase\TTRPG-ImageDatabase\Images\X 1095.jpeg","X 1095.jpeg"
"377","C:\Users\marcs\Videos\ImageDatabase\TTRPG-ImageDatabase\Images\X 1096.jpeg","X 1096.jpeg"
"378","C:\Users\marcs\Videos\ImageDatabase\TTRPG-ImageDatabase\Images\X 1097.jpeg","X 1097.jpeg"
"379","C:\Users\marcs\Videos\ImageDatabase\TTRPG-ImageDatabase\Images\X 1098.jpeg","X 1098.jpeg"
"380","C:\Users\marcs\Videos\ImageDatabase\TTRPG-ImageDatabase\Images\X 1099.jpeg","X 1099.jpeg"
"381","C:\Users\marcs\Videos\ImageDatabase\TTRPG-ImageDatabase\Images\X 1100.jpeg","X 1100.jpeg"
"382","C:\Users\marcs\Videos\ImageDatabase\TTRPG-ImageDatabase\Images\X 1101.jpeg","X 1101.jpeg"
"383","C:\Users\marcs\Videos\ImageDatabase\TTRPG-ImageDatabase\Images\X 1102.jpeg","X 1102.jpeg"
"384","C:\Users\marcs\Videos\ImageDatabase\TTRPG-ImageDatabase\Images\X 1103.jpeg","X 1103.jpeg"
"385","C:\Users\marcs\Videos\ImageDatabase\TTRPG-ImageDatabase\Images\X 1104.jpeg","X 1104.jpeg"
"386","C:\Users\marcs\Videos\ImageDatabase\TTRPG-ImageDatabase\Images\X 1105.jpeg","X 1105.jpeg"
"387","C:\Users\marcs\Videos\ImageDatabase\TTRPG-ImageDatabase\Images\X 1106.jpeg","X 1106.jpeg"
"388","C:\Users\marcs\Videos\ImageDatabase\TTRPG-ImageDatabase\Images\X 1107.jpeg","X 1107.jpeg"
"389","C:\Users\marcs\Videos\ImageDatabase\TTRPG-ImageDatabase\Images\X 1108.jpeg","X 1108.jpeg"
"390","C:\Users\marcs\Videos\ImageDatabase\TTRPG-ImageDatabase\Images\X 1109.jpeg","X 1109.jpeg"
"391","C:\Users\marcs\Videos\ImageDatabase\TTRPG-ImageDatabase\Images\X 1110.jpeg","X 1110.jpeg"
"392","C:\Users\marcs\Videos\ImageDatabase\TTRPG-ImageDatabase\Images\X 1111.jpeg","X 1111.jpeg"
"393","C:\Users\marcs\Videos\ImageDatabase\TTRPG-ImageDatabase\Images\X 1112.jpeg","X 1112.jpeg"
"394","C:\Users\marcs\Videos\ImageDatabase\TTRPG-ImageDatabase\Images\X 1113.jpeg","X 1113.jpeg"
"395","C:\Users\marcs\Videos\ImageDatabase\TTRPG-ImageDatabase\Images\X 1114.jpeg","X 1114.jpeg"
"396","C:\Users\marcs\Videos\ImageDatabase\TTRPG-ImageDatabase\Images\X 1115.jpeg","X 1115.jpeg"
"397","C:\Users\marcs\Videos\ImageDatabase\TTRPG-ImageDatabase\Images\X 1123.jpeg","X 1123.jpeg"
"398","C:\Users\marcs\Videos\ImageDatabase\TTRPG-ImageDatabase\Images\X 1138.jpeg","X 1138.jpeg"
"399","C:\Users\marcs\Videos\ImageDatabase\TTRPG-ImageDatabase\Images\X 225.jpeg","X 225.jpeg"
"400","C:\Users\marcs\Videos\ImageDatabase\TTRPG-ImageDatabase\Images\X 742.jpeg","X 742.jpeg"
"401","C:\Users\marcs\Videos\ImageDatabase\TTRPG-ImageDatabase\Images\X 743.jpeg","X 743.jpeg"
"402","C:\Users\marcs\Videos\ImageDatabase\TTRPG-ImageDatabase\Images\X 744.jpeg","X 744.jpeg"
"403","C:\Users\marcs\Videos\ImageDatabase\TTRPG-ImageDatabase\Images\X 745.jpeg","X 745.jpeg"
"404","C:\Users\marcs\Videos\ImageDatabase\TTRPG-ImageDatabase\Images\X 746.jpeg","X 746.jpeg"
"405","C:\Users\marcs\Videos\ImageDatabase\TTRPG-ImageDatabase\Images\X 747.jpeg","X 747.jpeg"
"406","C:\Users\marcs\Videos\ImageDatabase\TTRPG-ImageDatabase\Images\X 748.jpeg","X 748.jpeg"
"407","C:\Users\marcs\Videos\ImageDatabase\TTRPG-ImageDatabase\Images\X 749.jpeg","X 749.jpeg"
"408","C:\Users\marcs\Videos\ImageDatabase\TTRPG-ImageDatabase\Images\X 750.jpeg","X 750.jpeg"
"409","C:\Users\marcs\Videos\ImageDatabase\TTRPG-ImageDatabase\Images\X 751.jpeg","X 751.jpeg"
"410","C:\Users\marcs\Videos\ImageDatabase\TTRPG-ImageDatabase\Images\X 752.jpeg","X 752.jpeg"
"411","C:\Users\marcs\Videos\ImageDatabase\TTRPG-ImageDatabase\Images\X 753.jpeg","X 753.jpeg"
"412","C:\Users\marcs\Videos\ImageDatabase\TTRPG-ImageDatabase\Images\X 754.jpeg","X 754.jpeg"
"413","C:\Users\marcs\Videos\ImageDatabase\TTRPG-ImageDatabase\Images\X 755.jpeg","X 755.jpeg"
"414","C:\Users\marcs\Videos\ImageDatabase\TTRPG-ImageDatabase\Images\X 756.jpeg","X 756.jpeg"
"415","C:\Users\marcs\Videos\ImageDatabase\TTRPG-ImageDatabase\Images\X 757.jpeg","X 757.jpeg"
"416","C:\Users\marcs\Videos\ImageDatabase\TTRPG-ImageDatabase\Images\X 758.jpeg","X 758.jpeg"
"417","C:\Users\marcs\Videos\ImageDatabase\TTRPG-ImageDatabase\Images\X 759.jpeg","X 759.jpeg"
"418","C:\Users\marcs\Videos\ImageDatabase\TTRPG-ImageDatabase\Images\X 760.jpeg","X 760.jpeg"
"419","C:\Users\marcs\Videos\ImageDatabase\TTRPG-ImageDatabase\Images\X 761.jpeg","X 761.jpeg"
"420","C:\Users\marcs\Videos\ImageDatabase\TTRPG-ImageDatabase\Images\X 762.jpeg","X 762.jpeg"
"421","C:\Users\marcs\Videos\ImageDatabase\TTRPG-ImageDatabase\Images\X 763.jpeg","X 763.jpeg"
"422","C:\Users\marcs\Videos\ImageDatabase\TTRPG-ImageDatabase\Images\X 764.jpeg","X 764.jpeg"
"423","C:\Users\marcs\Videos\ImageDatabase\TTRPG-ImageDatabase\Images\X 765.jpeg","X 765.jpeg"
"424","C:\Users\marcs\Videos\ImageDatabase\TTRPG-ImageDatabase\Images\X 766.jpeg","X 766.jpeg"
"425","C:\Users\marcs\Videos\ImageDatabase\TTRPG-ImageDatabase\Images\X 767.jpeg","X 767.jpeg"
"426","C:\Users\marcs\Videos\ImageDatabase\TTRPG-ImageDatabase\Images\X 768.jpeg","X 768.jpeg"
"427","C:\Users\marcs\Videos\ImageDatabase\TTRPG-ImageDatabase\Images\X 769.jpeg","X 769.jpeg"
"428","C:\Users\marcs\Videos\ImageDatabase\TTRPG-ImageDatabase\Images\X 770.jpeg","X 770.jpeg"
"429","C:\Users\marcs\Videos\ImageDatabase\TTRPG-ImageDatabase\Images\X 771.jpeg","X 771.jpeg"
"430","C:\Users\marcs\Videos\ImageDatabase\TTRPG-ImageDatabase\Images\X 772.jpeg","X 772.jpeg"
"431","C:\Users\marcs\Videos\ImageDatabase\TTRPG-ImageDatabase\Images\X 773.jpeg","X 773.jpeg"
"432","C:\Users\marcs\Videos\ImageDatabase\TTRPG-ImageDatabase\Images\X 774.jpeg","X 774.jpeg"
"433","C:\Users\marcs\Videos\ImageDatabase\TTRPG-ImageDatabase\Images\X 775.jpeg","X 775.jpeg"
"434","C:\Users\marcs\Videos\ImageDatabase\TTRPG-ImageDatabase\Images\X 776.jpeg","X 776.jpeg"
"435","C:\Users\marcs\Videos\ImageDatabase\TTRPG-ImageDatabase\Images\X 777.jpeg","X 777.jpeg"
"436","C:\Users\marcs\Videos\ImageDatabase\TTRPG-ImageDatabase\Images\X 778.jpeg","X 778.jpeg"
"437","C:\Users\marcs\Videos\ImageDatabase\TTRPG-ImageDatabase\Images\X 779.jpeg","X 779.jpeg"
"438","C:\Users\marcs\Videos\ImageDatabase\TTRPG-ImageDatabase\Images\X 780.jpeg","X 780.jpeg"
"439","C:\Users\marcs\Videos\ImageDatabase\TTRPG-ImageDatabase\Images\X 781.jpeg","X 781.jpeg"
"440","C:\Users\marcs\Videos\ImageDatabase\TTRPG-ImageDatabase\Images\X 782.jpeg","X 782.jpeg"
"441","C:\Users\marcs\Videos\ImageDatabase\TTRPG-ImageDatabase\Images\X 783.jpeg","X 783.jpeg"
"442","C:\Users\marcs\Videos\ImageDatabase\TTRPG-ImageDatabase\Images\X 784.jpeg","X 784.jpeg"
"443","C:\Users\marcs\Videos\ImageDatabase\TTRPG-ImageDatabase\Images\X 785.jpeg","X 785.jpeg"
"444","C:\Users\marcs\Videos\ImageDatabase\TTRPG-ImageDatabase\Images\X 786.jpeg","X 786.jpeg"
"445","C:\Users\marcs\Videos\ImageDatabase\TTRPG-ImageDatabase\Images\X 787.jpeg","X 787.jpeg"
"446","C:\Users\marcs\Videos\ImageDatabase\TTRPG-ImageDatabase\Images\X 788.jpeg","X 788.jpeg"
"447","C:\Users\marcs\Videos\ImageDatabase\TTRPG-ImageDatabase\Images\X 789.jpeg","X 789.jpeg"
"448","C:\Users\marcs\Videos\ImageDatabase\TTRPG-ImageDatabase\Images\X 790.jpeg","X 790.jpeg"
"449","C:\Users\marcs\Videos\ImageDatabase\TTRPG-ImageDatabase\Images\X 791.jpeg","X 791.jpeg"
"450","C:\Users\marcs\Videos\ImageDatabase\TTRPG-ImageDatabase\Images\X 792.jpeg","X 792.jpeg"
"451","C:\Users\marcs\Videos\ImageDatabase\TTRPG-ImageDatabase\Images\X 793.jpeg","X 793.jpeg"
"452","C:\Users\marcs\Videos\ImageDatabase\TTRPG-ImageDatabase\Images\X 794.jpeg","X 794.jpeg"
"453","C:\Users\marcs\Videos\ImageDatabase\TTRPG-ImageDatabase\Images\X 795.jpeg","X 795.jpeg"
"454","C:\Users\marcs\Videos\ImageDatabase\TTRPG-ImageDatabase\Images\X 796.jpeg","X 796.jpeg"
"455","C:\Users\marcs\Videos\ImageDatabase\TTRPG-ImageDatabase\Images\X 797.jpeg","X 797.jpeg"
"456","C:\Users\marcs\Videos\ImageDatabase\TTRPG-ImageDatabase\Images\X 799.jpeg","X 799.jpeg"
"457","C:\Users\marcs\Videos\ImageDatabase\TTRPG-ImageDatabase\Images\X 8.png","X 8.png"
"458","C:\Users\marcs\Videos\ImageDatabase\TTRPG-ImageDatabase\Images\X 800.jpeg","X 800.jpeg"
"459","C:\Users\marcs\Videos\ImageDatabase\TTRPG-ImageDatabase\Images\X 801.jpeg","X 801.jpeg"
"460","C:\Users\marcs\Videos\ImageDatabase\TTRPG-ImageDatabase\Images\X 802.jpeg","X 802.jpeg"
"461","C:\Users\marcs\Videos\ImageDatabase\TTRPG-ImageDatabase\Images\X 803.jpeg","X 803.jpeg"
"462","C:\Users\marcs\Videos\ImageDatabase\TTRPG-ImageDatabase\Images\X 804.jpeg","X 804.jpeg"
"463","C:\Users\marcs\Videos\ImageDatabase\TTRPG-ImageDatabase\Images\X 805.jpeg","X 805.jpeg"
"464","C:\Users\marcs\Videos\ImageDatabase\TTRPG-ImageDatabase\Images\X 806.jpeg","X 806.jpeg"
"465","C:\Users\marcs\Videos\ImageDatabase\TTRPG-ImageDatabase\Images\X 807.jpeg","X 807.jpeg"
"466","C:\Users\marcs\Videos\ImageDatabase\TTRPG-ImageDatabase\Images\X 808.jpeg","X 808.jpeg"
"467","C:\Users\marcs\Videos\ImageDatabase\TTRPG-ImageDatabase\Images\X 809.jpeg","X 809.jpeg"
"468","C:\Users\marcs\Videos\ImageDatabase\TTRPG-ImageDatabase\Images\X 810.jpeg","X 810.jpeg"
"469","C:\Users\marcs\Videos\ImageDatabase\TTRPG-ImageDatabase\Images\X 812.jpeg","X 812.jpeg"
"470","C:\Users\marcs\Videos\ImageDatabase\TTRPG-ImageDatabase\Images\X 813.jpeg","X 813.jpeg"
"471","C:\Users\marcs\Videos\ImageDatabase\TTRPG-ImageDatabase\Images\X 814.jpeg","X 814.jpeg"
"472","C:\Users\marcs\Videos\ImageDatabase\TTRPG-ImageDatabase\Images\X 815.jpeg","X 815.jpeg"
"473","C:\Users\marcs\Videos\ImageDatabase\TTRPG-ImageDatabase\Images\X 816.jpeg","X 816.jpeg"
"474","C:\Users\marcs\Videos\ImageDatabase\TTRPG-ImageDatabase\Images\X 817.jpeg","X 817.jpeg"
"475","C:\Users\marcs\Videos\ImageDatabase\TTRPG-ImageDatabase\Images\X 818.jpeg","X 818.jpeg"
"476","C:\Users\marcs\Videos\ImageDatabase\TTRPG-ImageDatabase\Images\X 819.jpeg","X 819.jpeg"
"477","C:\Users\marcs\Videos\ImageDatabase\TTRPG-ImageDatabase\Images\X 820.jpeg","X 820.jpeg"
"478","C:\Users\marcs\Videos\ImageDatabase\TTRPG-ImageDatabase\Images\X 821.jpeg","X 821.jpeg"
"479","C:\Users\marcs\Videos\ImageDatabase\TTRPG-ImageDatabase\Images\X 822.jpeg","X 822.jpeg"
"480","C:\Users\marcs\Videos\ImageDatabase\TTRPG-ImageDatabase\Images\X 823.jpeg","X 823.jpeg"
"481","C:\Users\marcs\Videos\ImageDatabase\TTRPG-ImageDatabase\Images\X 824.jpeg","X 824.jpeg"
"482","C:\Users\marcs\Videos\ImageDatabase\TTRPG-ImageDatabase\Images\X 825.jpeg","X 825.jpeg"
"483","C:\Users\marcs\Videos\ImageDatabase\TTRPG-ImageDatabase\Images\X 826.jpeg","X 826.jpeg"
"484","C:\Users\marcs\Videos\ImageDatabase\TTRPG-ImageDatabase\Images\X 827.jpeg","X 827.jpeg"
"485","C:\Users\marcs\Videos\ImageDatabase\TTRPG-ImageDatabase\Images\X 828.jpeg","X 828.jpeg"
"486","C:\Users\marcs\Videos\ImageDatabase\TTRPG-ImageDatabase\Images\X 829.jpeg","X 829.jpeg"
"487","C:\Users\marcs\Videos\ImageDatabase\TTRPG-ImageDatabase\Images\X 830.jpeg","X 830.jpeg"
"488","C:\Users\marcs\Videos\ImageDatabase\TTRPG-ImageDatabase\Images\X 831.jpeg","X 831.jpeg"
"489","C:\Users\marcs\Videos\ImageDatabase\TTRPG-ImageDatabase\Images\X 832.jpeg","X 832.jpeg"
"490","C:\Users\marcs\Videos\ImageDatabase\TTRPG-ImageDatabase\Images\X 833.jpeg","X 833.jpeg"
"491","C:\Users\marcs\Videos\ImageDatabase\TTRPG-ImageDatabase\Images\X 834.jpeg","X 834.jpeg"
"492","C:\Users\marcs\Videos\ImageDatabase\TTRPG-ImageDatabase\Images\X 835.jpeg","X 835.jpeg"
"493","C:\Users\marcs\Videos\ImageDatabase\TTRPG-ImageDatabase\Images\X 836.jpeg","X 836.jpeg"
"494","C:\Users\marcs\Videos\ImageDatabase\TTRPG-ImageDatabase\Images\X 837.jpeg","X 837.jpeg"
"495","C:\Users\marcs\Videos\ImageDatabase\TTRPG-ImageDatabase\Images\X 838.jpeg","X 838.jpeg"
"496","C:\Users\marcs\Videos\ImageDatabase\TTRPG-ImageDatabase\Images\X 839.jpeg","X 839.jpeg"
"497","C:\Users\marcs\Videos\ImageDatabase\TTRPG-ImageDatabase\Images\X 840.jpeg","X 840.jpeg"
"498","C:\Users\marcs\Videos\ImageDatabase\TTRPG-ImageDatabase\Images\X 841.jpeg","X 841.jpeg"
"499","C:\Users\marcs\Videos\ImageDatabase\TTRPG-ImageDatabase\Images\X 842.jpeg","X 842.jpeg"
"500","C:\Users\marcs\Videos\ImageDatabase\TTRPG-ImageDatabase\Images\X 843.jpeg","X 843.jpeg"
"501","C:\Users\marcs\Videos\ImageDatabase\TTRPG-ImageDatabase\Images\X 844.jpeg","X 844.jpeg"
"502","C:\Users\marcs\Videos\ImageDatabase\TTRPG-ImageDatabase\Images\X 845.jpeg","X 845.jpeg"
"503","C:\Users\marcs\Videos\ImageDatabase\TTRPG-ImageDatabase\Images\X 846.jpeg","X 846.jpeg"
"504","C:\Users\marcs\Videos\ImageDatabase\TTRPG-ImageDatabase\Images\X 847.jpeg","X 847.jpeg"
"505","C:\Users\marcs\Videos\ImageDatabase\TTRPG-ImageDatabase\Images\X 848.jpeg","X 848.jpeg"
"506","C:\Users\marcs\Videos\ImageDatabase\TTRPG-ImageDatabase\Images\X 849.jpeg","X 849.jpeg"
"507","C:\Users\marcs\Videos\ImageDatabase\TTRPG-ImageDatabase\Images\X 850.jpeg","X 850.jpeg"
"508","C:\Users\marcs\Videos\ImageDatabase\TTRPG-ImageDatabase\Images\X 851.jpeg","X 851.jpeg"
"509","C:\Users\marcs\Videos\ImageDatabase\TTRPG-ImageDatabase\Images\X 852.jpeg","X 852.jpeg"
"510","C:\Users\marcs\Videos\ImageDatabase\TTRPG-ImageDatabase\Images\X 853.jpeg","X 853.jpeg"
"511","C:\Users\marcs\Videos\ImageDatabase\TTRPG-ImageDatabase\Images\X 854.jpeg","X 854.jpeg"
"512","C:\Users\marcs\Videos\ImageDatabase\TTRPG-ImageDatabase\Images\X 855.jpeg","X 855.jpeg"
"513","C:\Users\marcs\Videos\ImageDatabase\TTRPG-ImageDatabase\Images\X 856.jpeg","X 856.jpeg"
"514","C:\Users\marcs\Videos\ImageDatabase\TTRPG-ImageDatabase\Images\X 857.jpeg","X 857.jpeg"
"515","C:\Users\marcs\Videos\ImageDatabase\TTRPG-ImageDatabase\Images\X 858.jpeg","X 858.jpeg"
"516","C:\Users\marcs\Videos\ImageDatabase\TTRPG-ImageDatabase\Images\X 859.jpeg","X 859.jpeg"
"517","C:\Users\marcs\Videos\ImageDatabase\TTRPG-ImageDatabase\Images\X 860.jpeg","X 860.jpeg"
"518","C:\Users\marcs\Videos\ImageDatabase\TTRPG-ImageDatabase\Images\X 861.jpeg","X 861.jpeg"
"519","C:\Users\marcs\Videos\ImageDatabase\TTRPG-ImageDatabase\Images\X 862.jpeg","X 862.jpeg"
"520","C:\Users\marcs\Videos\ImageDatabase\TTRPG-ImageDatabase\Images\X 863.jpeg","X 863.jpeg"
"521","C:\Users\marcs\Videos\ImageDatabase\TTRPG-ImageDatabase\Images\X 864.jpeg","X 864.jpeg"
"522","C:\Users\marcs\Videos\ImageDatabase\TTRPG-ImageDatabase\Images\X 865.jpeg","X 865.jpeg"
"523","C:\Users\marcs\Videos\ImageDatabase\TTRPG-ImageDatabase\Images\X 866.jpeg","X 866.jpeg"
"524","C:\Users\marcs\Videos\ImageDatabase\TTRPG-ImageDatabase\Images\X 867.jpeg","X 867.jpeg"
"525","C:\Users\marcs\Videos\ImageDatabase\TTRPG-ImageDatabase\Images\X 868.jpeg","X 868.jpeg"
"526","C:\Users\marcs\Videos\ImageDatabase\TTRPG-ImageDatabase\Images\X 869.jpeg","X 869.jpeg"
"527","C:\Users\marcs\Videos\ImageDatabase\TTRPG-ImageDatabase\Images\X 870.jpeg","X 870.jpeg"
"528","C:\Users\marcs\Videos\ImageDatabase\TTRPG-ImageDatabase\Images\X 871.jpeg","X 871.jpeg"
"529","C:\Users\marcs\Videos\ImageDatabase\TTRPG-ImageDatabase\Images\X 872.jpeg","X 872.jpeg"
"530","C:\Users\marcs\Videos\ImageDatabase\TTRPG-ImageDatabase\Images\X 873.jpeg","X 873.jpeg"
"531","C:\Users\marcs\Videos\ImageDatabase\TTRPG-ImageDatabase\Images\X 874.jpeg","X 874.jpeg"
"532","C:\Users\marcs\Videos\ImageDatabase\TTRPG-ImageDatabase\Images\X 875.jpeg","X 875.jpeg"
"533","C:\Users\marcs\Videos\ImageDatabase\TTRPG-ImageDatabase\Images\X 876.jpeg","X 876.jpeg"
"534","C:\Users\marcs\Videos\ImageDatabase\TTRPG-ImageDatabase\Images\X 877.jpeg","X 877.jpeg"
"535","C:\Users\marcs\Videos\ImageDatabase\TTRPG-ImageDatabase\Images\X 878.jpeg","X 878.jpeg"
"536","C:\Users\marcs\Videos\ImageDatabase\TTRPG-ImageDatabase\Images\X 879.jpeg","X 879.jpeg"
"537","C:\Users\marcs\Videos\ImageDatabase\TTRPG-ImageDatabase\Images\X 880.jpeg","X 880.jpeg"
"538","C:\Users\marcs\Videos\ImageDatabase\TTRPG-ImageDatabase\Images\X 881.jpeg","X 881.jpeg"
"539","C:\Users\marcs\Videos\ImageDatabase\TTRPG-ImageDatabase\Images\X 882.jpeg","X 882.jpeg"
"540","C:\Users\marcs\Videos\ImageDatabase\TTRPG-ImageDatabase\Images\X 883.jpeg","X 883.jpeg"
"541","C:\Users\marcs\Videos\ImageDatabase\TTRPG-ImageDatabase\Images\X 884.jpeg","X 884.jpeg"
"542","C:\Users\marcs\Videos\ImageDatabase\TTRPG-ImageDatabase\Images\X 885.jpeg","X 885.jpeg"
"543","C:\Users\marcs\Videos\ImageDatabase\TTRPG-ImageDatabase\Images\X 886.jpeg","X 886.jpeg"
"544","C:\Users\marcs\Videos\ImageDatabase\TTRPG-ImageDatabase\Images\X 887.jpeg","X 887.jpeg"
"545","C:\Users\marcs\Videos\ImageDatabase\TTRPG-ImageDatabase\Images\X 888.jpeg","X 888.jpeg"
"546","C:\Users\marcs\Videos\ImageDatabase\TTRPG-ImageDatabase\Images\X 889.jpeg","X 889.jpeg"
"547","C:\Users\marcs\Videos\ImageDatabase\TTRPG-ImageDatabase\Images\X 890.jpeg","X 890.jpeg"
"548","C:\Users\marcs\Videos\ImageDatabase\TTRPG-ImageDatabase\Images\X 891.jpeg","X 891.jpeg"
"549","C:\Users\marcs\Videos\ImageDatabase\TTRPG-ImageDatabase\Images\X 892.jpeg","X 892.jpeg"
"550","C:\Users\marcs\Videos\ImageDatabase\TTRPG-ImageDatabase\Images\X 893.jpeg","X 893.jpeg"
"551","C:\Users\marcs\Videos\ImageDatabase\TTRPG-ImageDatabase\Images\X 894.jpeg","X 894.jpeg"
"552","C:\Users\marcs\Videos\ImageDatabase\TTRPG-ImageDatabase\Images\X 895.jpeg","X 895.jpeg"
"553","C:\Users\marcs\Videos\ImageDatabase\TTRPG-ImageDatabase\Images\X 896.jpeg","X 896.jpeg"
"554","C:\Users\marcs\Videos\ImageDatabase\TTRPG-ImageDatabase\Images\X 897.jpeg","X 897.jpeg"
"555","C:\Users\marcs\Videos\ImageDatabase\TTRPG-ImageDatabase\Images\X 898.jpeg","X 898.jpeg"
"556","C:\Users\marcs\Videos\ImageDatabase\TTRPG-ImageDatabase\Images\X 899.jpeg","X 899.jpeg"
"557","C:\Users\marcs\Videos\ImageDatabase\TTRPG-ImageDatabase\Images\X 900.jpeg","X 900.jpeg"
"558","C:\Users\marcs\Videos\ImageDatabase\TTRPG-ImageDatabase\Images\X 901.jpeg","X 901.jpeg"
"559","C:\Users\marcs\Videos\ImageDatabase\TTRPG-ImageDatabase\Images\X 902.jpeg","X 902.jpeg"
"560","C:\Users\marcs\Videos\ImageDatabase\TTRPG-ImageDatabase\Images\X 903.jpeg","X 903.jpeg"
"561","C:\Users\marcs\Videos\ImageDatabase\TTRPG-ImageDatabase\Images\X 904.jpeg","X 904.jpeg"
"562","C:\Users\marcs\Videos\ImageDatabase\TTRPG-ImageDatabase\Images\X 905.jpeg","X 905.jpeg"
"563","C:\Users\marcs\Videos\ImageDatabase\TTRPG-ImageDatabase\Images\X 906.jpeg","X 906.jpeg"
"564","C:\Users\marcs\Videos\ImageDatabase\TTRPG-ImageDatabase\Images\X 907.jpeg","X 907.jpeg"
"565","C:\Users\marcs\Videos\ImageDatabase\TTRPG-ImageDatabase\Images\X 908.jpeg","X 908.jpeg"
"566","C:\Users\marcs\Videos\ImageDatabase\TTRPG-ImageDatabase\Images\X 909.jpeg","X 909.jpeg"
"567","C:\Users\marcs\Videos\ImageDatabase\TTRPG-ImageDatabase\Images\X 910.jpeg","X 910.jpeg"
"568","C:\Users\marcs\Videos\ImageDatabase\TTRPG-ImageDatabase\Images\X 911.jpeg","X 911.jpeg"
"569","C:\Users\marcs\Videos\ImageDatabase\TTRPG-ImageDatabase\Images\X 912.jpeg","X 912.jpeg"
"570","C:\Users\marcs\Videos\ImageDatabase\TTRPG-ImageDatabase\Images\X 913.jpeg","X 913.jpeg"
"571","C:\Users\marcs\Videos\ImageDatabase\TTRPG-ImageDatabase\Images\X 914.jpeg","X 914.jpeg"
"572","C:\Users\marcs\Videos\ImageDatabase\TTRPG-ImageDatabase\Images\X 915.jpeg","X 915.jpeg"
"573","C:\Users\marcs\Videos\ImageDatabase\TTRPG-ImageDatabase\Images\X 916.jpeg","X 916.jpeg"
"574","C:\Users\marcs\Videos\ImageDatabase\TTRPG-ImageDatabase\Images\X 917.jpeg","X 917.jpeg"
"575","C:\Users\marcs\Videos\ImageDatabase\TTRPG-ImageDatabase\Images\X 918.jpeg","X 918.jpeg"
"576","C:\Users\marcs\Videos\ImageDatabase\TTRPG-ImageDatabase\Images\X 919.jpeg","X 919.jpeg"
"577","C:\Users\marcs\Videos\ImageDatabase\TTRPG-ImageDatabase\Images\X 920.jpeg","X 920.jpeg"
"578","C:\Users\marcs\Videos\ImageDatabase\TTRPG-ImageDatabase\Images\X 921.jpeg","X 921.jpeg"
"579","C:\Users\marcs\Videos\ImageDatabase\TTRPG-ImageDatabase\Images\X 922.jpeg","X 922.jpeg"
"580","C:\Users\marcs\Videos\ImageDatabase\TTRPG-ImageDatabase\Images\X 923.jpeg","X 923.jpeg"
"581","C:\Users\marcs\Videos\ImageDatabase\TTRPG-ImageDatabase\Images\X 924.jpeg","X 924.jpeg"
"582","C:\Users\marcs\Videos\ImageDatabase\TTRPG-ImageDatabase\Images\X 925.jpeg","X 925.jpeg"
"583","C:\Users\marcs\Videos\ImageDatabase\TTRPG-ImageDatabase\Images\X 926.jpeg","X 926.jpeg"
"584","C:\Users\marcs\Videos\ImageDatabase\TTRPG-ImageDatabase\Images\X 927.jpeg","X 927.jpeg"
"585","C:\Users\marcs\Videos\ImageDatabase\TTRPG-ImageDatabase\Images\X 928.jpeg","X 928.jpeg"
"586","C:\Users\marcs\Videos\ImageDatabase\TTRPG-ImageDatabase\Images\X 929.jpeg","X 929.jpeg"
"587","C:\Users\marcs\Videos\ImageDatabase\TTRPG-ImageDatabase\Images\X 930.jpeg","X 930.jpeg"
"588","C:\Users\marcs\Videos\ImageDatabase\TTRPG-ImageDatabase\Images\X 931.jpeg","X 931.jpeg"
"589","C:\Users\marcs\Videos\ImageDatabase\TTRPG-ImageDatabase\Images\X 932.jpeg","X 932.jpeg"
"590","C:\Users\marcs\Videos\ImageDatabase\TTRPG-ImageDatabase\Images\X 933.jpeg","X 933.jpeg"
"591","C:\Users\marcs\Videos\ImageDatabase\TTRPG-ImageDatabase\Images\X 934.jpeg","X 934.jpeg"
"592","C:\Users\marcs\Videos\ImageDatabase\TTRPG-ImageDatabase\Images\X 935.jpeg","X 935.jpeg"
"593","C:\Users\marcs\Videos\ImageDatabase\TTRPG-ImageDatabase\Images\X 936.jpeg","X 936.jpeg"
"594","C:\Users\marcs\Videos\ImageDatabase\TTRPG-ImageDatabase\Images\X 937.jpeg","X 937.jpeg"
"595","C:\Users\marcs\Videos\ImageDatabase\TTRPG-ImageDatabase\Images\X 938.jpeg","X 938.jpeg"
"596","C:\Users\marcs\Videos\ImageDatabase\TTRPG-ImageDatabase\Images\X 939.jpeg","X 939.jpeg"
"597","C:\Users\marcs\Videos\ImageDatabase\TTRPG-ImageDatabase\Images\X 940.jpeg","X 940.jpeg"
"598","C:\Users\marcs\Videos\ImageDatabase\TTRPG-ImageDatabase\Images\X 941.jpeg","X 941.jpeg"
"599","C:\Users\marcs\Videos\ImageDatabase\TTRPG-ImageDatabase\Images\X 942.jpeg","X 942.jpeg"
"600","C:\Users\marcs\Videos\ImageDatabase\TTRPG-ImageDatabase\Images\X 943.jpeg","X 943.jpeg"
"601","C:\Users\marcs\Videos\ImageDatabase\TTRPG-ImageDatabase\Images\X 944.jpeg","X 944.jpeg"
"602","C:\Users\marcs\Videos\ImageDatabase\TTRPG-ImageDatabase\Images\X 945.jpeg","X 945.jpeg"
"603","C:\Users\marcs\Videos\ImageDatabase\TTRPG-ImageDatabase\Images\X 946.jpeg","X 946.jpeg"
"604","C:\Users\marcs\Videos\ImageDatabase\TTRPG-ImageDatabase\Images\X 947.jpeg","X 947.jpeg"
"605","C:\Users\marcs\Videos\ImageDatabase\TTRPG-ImageDatabase\Images\X 948.jpeg","X 948.jpeg"
"606","C:\Users\marcs\Videos\ImageDatabase\TTRPG-ImageDatabase\Images\X 949.jpeg","X 949.jpeg"
"607","C:\Users\marcs\Videos\ImageDatabase\TTRPG-ImageDatabase\Images\X 950.jpeg","X 950.jpeg"
"608","C:\Users\marcs\Videos\ImageDatabase\TTRPG-ImageDatabase\Images\X 951.jpeg","X 951.jpeg"
"609","C:\Users\marcs\Videos\ImageDatabase\TTRPG-ImageDatabase\Images\X 952.jpeg","X 952.jpeg"
"610","C:\Users\marcs\Videos\ImageDatabase\TTRPG-ImageDatabase\Images\X 953.jpeg","X 953.jpeg"
"611","C:\Users\marcs\Videos\ImageDatabase\TTRPG-ImageDatabase\Images\X 954.jpeg","X 954.jpeg"
"612","C:\Users\marcs\Videos\ImageDatabase\TTRPG-ImageDatabase\Images\X 955.jpeg","X 955.jpeg"
"613","C:\Users\marcs\Videos\ImageDatabase\TTRPG-ImageDatabase\Images\X 958.jpeg","X 958.jpeg"
"614","C:\Users\marcs\Videos\ImageDatabase\TTRPG-ImageDatabase\Images\X 959.jpeg","X 959.jpeg"
"615","C:\Users\marcs\Videos\ImageDatabase\TTRPG-ImageDatabase\Images\X 960.jpeg","X 960.jpeg"
"616","C:\Users\marcs\Videos\ImageDatabase\TTRPG-ImageDatabase\Images\X 961.jpeg","X 961.jpeg"
"617","C:\Users\marcs\Videos\ImageDatabase\TTRPG-ImageDatabase\Images\X 962.jpeg","X 962.jpeg"
"618","C:\Users\marcs\Videos\ImageDatabase\TTRPG-ImageDatabase\Images\X 963.jpeg","X 963.jpeg"
"619","C:\Users\marcs\Videos\ImageDatabase\TTRPG-ImageDatabase\Images\X 964.jpeg","X 964.jpeg"
"620","C:\Users\marcs\Videos\ImageDatabase\TTRPG-ImageDatabase\Images\X 965.jpeg","X 965.jpeg"
"621","C:\Users\marcs\Videos\ImageDatabase\TTRPG-ImageDatabase\Images\X 966.jpeg","X 966.jpeg"
"622","C:\Users\marcs\Videos\ImageDatabase\TTRPG-ImageDatabase\Images\X 967.jpeg","X 967.jpeg"
"623","C:\Users\marcs\Videos\ImageDatabase\TTRPG-ImageDatabase\Images\X 968.jpeg","X 968.jpeg"
"624","C:\Users\marcs\Videos\ImageDatabase\TTRPG-ImageDatabase\Images\X 969.jpeg","X 969.jpeg"
"625","C:\Users\marcs\Videos\ImageDatabase\TTRPG-ImageDatabase\Images\X 970.jpeg","X 970.jpeg"
"626","C:\Users\marcs\Videos\ImageDatabase\TTRPG-ImageDatabase\Images\X 971.jpeg","X 971.jpeg"
"627","C:\Users\marcs\Videos\ImageDatabase\TTRPG-ImageDatabase\Images\X 972.jpeg","X 972.jpeg"
"628","C:\Users\marcs\Videos\ImageDatabase\TTRPG-ImageDatabase\Images\X 973.jpeg","X 973.jpeg"
"629","C:\Users\marcs\Videos\ImageDatabase\TTRPG-ImageDatabase\Images\X 974.jpeg","X 974.jpeg"
"630","C:\Users\marcs\Videos\ImageDatabase\TTRPG-ImageDatabase\Images\X 975.jpeg","X 975.jpeg"
"631","C:\Users\marcs\Videos\ImageDatabase\TTRPG-ImageDatabase\Images\X 976.jpeg","X 976.jpeg"
"632","C:\Users\marcs\Videos\ImageDatabase\TTRPG-ImageDatabase\Images\X 977.jpeg","X 977.jpeg"
"633","C:\Users\marcs\Videos\ImageDatabase\TTRPG-ImageDatabase\Images\X 978.jpeg","X 978.jpeg"
"634","C:\Users\marcs\Videos\ImageDatabase\TTRPG-ImageDatabase\Images\X 979.jpeg","X 979.jpeg"
"635","C:\Users\marcs\Videos\ImageDatabase\TTRPG-ImageDatabase\Images\X 980.jpeg","X 980.jpeg"
"636","C:\Users\marcs\Videos\ImageDatabase\TTRPG-ImageDatabase\Images\X 981.jpeg","X 981.jpeg"
"637","C:\Users\marcs\Videos\ImageDatabase\TTRPG-ImageDatabase\Images\X 982.jpeg","X 982.jpeg"
"638","C:\Users\marcs\Videos\ImageDatabase\TTRPG-ImageDatabase\Images\X 983.jpeg","X 983.jpeg"
"639","C:\Users\marcs\Videos\ImageDatabase\TTRPG-ImageDatabase\Images\X 984.jpeg","X 984.jpeg"
"640","C:\Users\marcs\Videos\ImageDatabase\TTRPG-ImageDatabase\Images\X 985.jpeg","X 985.jpeg"
"641","C:\Users\marcs\Videos\ImageDatabase\TTRPG-ImageDatabase\Images\X 986.jpeg","X 986.jpeg"
"642","C:\Users\marcs\Videos\ImageDatabase\TTRPG-ImageDatabase\Images\X 987.jpeg","X 987.jpeg"
"643","C:\Users\marcs\Videos\ImageDatabase\TTRPG-ImageDatabase\Images\X 988.jpeg","X 988.jpeg"
"644","C:\Users\marcs\Videos\ImageDatabase\TTRPG-ImageDatabase\Images\X 989.jpeg","X 989.jpeg"
"645","C:\Users\marcs\Videos\ImageDatabase\TTRPG-ImageDatabase\Images\X 990.jpeg","X 990.jpeg"
"646","C:\Users\marcs\Videos\ImageDatabase\TTRPG-ImageDatabase\Images\X 991.jpeg","X 991.jpeg"
"647","C:\Users\marcs\Videos\ImageDatabase\TTRPG-ImageDatabase\Images\X 992.jpeg","X 992.jpeg"
"648","C:\Users\marcs\Videos\ImageDatabase\TTRPG-ImageDatabase\Images\X 993.jpeg","X 993.jpeg"
"649","C:\Users\marcs\Videos\ImageDatabase\TTRPG-ImageDatabase\Images\X 994.jpeg","X 994.jpeg"
"650","C:\Users\marcs\Videos\ImageDatabase\TTRPG-ImageDatabase\Images\X 995.jpeg","X 995.jpeg"
"651","C:\Users\marcs\Videos\ImageDatabase\TTRPG-ImageDatabase\Images\X 996.jpeg","X 996.jpeg"
"652","C:\Users\marcs\Videos\ImageDatabase\TTRPG-ImageDatabase\Images\X 997.jpeg","X 997.jpeg"
"653","C:\Users\marcs\Videos\ImageDatabase\TTRPG-ImageDatabase\Images\X 998.jpeg","X 998.jpeg"
"654","C:\Users\marcs\Videos\ImageDatabase\TTRPG-ImageDatabase\Images\X 999.jpeg","X 999.jpeg"
"655","C:\Users\marcs\Videos\ImageDatabase\TTRPG-ImageDatabase\Images\x7umo04z112g1.jpeg","x7umo04z112g1.jpeg"
"656","C:\Users\marcs\Videos\ImageDatabase\TTRPG-ImageDatabase\Images\xebpe5tygzmf1.jpeg","xebpe5tygzmf1.jpeg"
"657","C:\Users\marcs\Videos\ImageDatabase\TTRPG-ImageDatabase\Images\xfyh7o6g56mf1.jpeg","xfyh7o6g56mf1.jpeg"
"658","C:\Users\marcs\Videos\ImageDatabase\TTRPG-ImageDatabase\Images\xvx3qa07l6jf1.jpeg","xvx3qa07l6jf1.jpeg"
"659","C:\Users\marcs\Videos\ImageDatabase\TTRPG-ImageDatabase\Images\y9x7n1pvacxf1.jpeg","y9x7n1pvacxf1.jpeg"
"660","C:\Users\marcs\Videos\ImageDatabase\TTRPG-ImageDatabase\Images\ytbp199akmmf1.jpeg","ytbp199akmmf1.jpeg"
"661","C:\Users\marcs\Videos\ImageDatabase\TTRPG-ImageDatabase\Images\z5xk99jnyknf1.jpeg","z5xk99jnyknf1.jpeg"
"662","C:\Users\marcs\Videos\ImageDatabase\TTRPG-ImageDatabase\Images\zax5u2jn7ak61.jpeg","zax5u2jn7ak61.jpeg"
"663","C:\Users\marcs\Videos\ImageDatabase\TTRPG-ImageDatabase\Images\Zeph ___ (_zephart_) _ X.jpeg","Zeph ___ (_zephart_) _ X.jpeg"
"664","C:\Users\marcs\Videos\ImageDatabase\TTRPG-ImageDatabase\Images\ZERO auf X_ _for fun zees https___t.co_WIJCEh5xaW_ _ X.jpeg","ZERO auf X_ _for fun zees https___t.co_WIJCEh5xaW_ _ X.jpeg"
"665","C:\Users\marcs\Videos\ImageDatabase\TTRPG-ImageDatabase\Images\znzl7ij3gmnf1.jpeg","znzl7ij3gmnf1.jpeg"
"666","C:\Users\marcs\Videos\ImageDatabase\TTRPG-ImageDatabase\Images\ztvpl5vyrdo11.jpeg","ztvpl5vyrdo11.jpeg"
"667","C:\Users\marcs\Videos\ImageDatabase\TTRPG-ImageDatabase\Images\zueniczl6ynf1.jpeg","zueniczl6ynf1.jpeg"
"668","C:\Users\marcs\Videos\ImageDatabase\TTRPG-ImageDatabase\Images\zycfirsun8jf1.jpeg","zycfirsun8jf1.jpeg"
